Channel,TCGA-05-4244-01A-01D-1105-08,TCGA-05-4249-01A-01D-1105-08,TCGA-05-4250-01A-01D-1105-08,TCGA-05-4382-01A-01D-1931-08,TCGA-05-4384-01A-01D-1753-08,TCGA-05-4389-01A-01D-1265-08,TCGA-05-4390-01A-02D-1753-08,TCGA-05-4395-01A-01D-1265-08,TCGA-05-4396-01A-21D-1855-08,TCGA-05-4397-01A-01D-1265-08,TCGA-05-4398-01A-01D-1265-08,TCGA-05-4402-01A-01D-1265-08,TCGA-05-4403-01A-01D-1265-08,TCGA-05-4405-01A-21D-1855-08,TCGA-05-4410-01A-21D-1855-08,TCGA-05-4415-01A-22D-1855-08,TCGA-05-4417-01A-22D-1855-08,TCGA-05-4418-01A-01D-1265-08,TCGA-05-4420-01A-01D-1265-08,TCGA-05-4422-01A-01D-1265-08,TCGA-05-4424-01A-22D-1855-08,TCGA-05-4425-01A-01D-1753-08,TCGA-05-4426-01A-01D-1265-08,TCGA-05-4427-01A-21D-1855-08,TCGA-05-4430-01A-02D-1265-08,TCGA-05-4432-01A-01D-1265-08,TCGA-05-4433-01A-22D-1855-08,TCGA-05-4434-01A-01D-1265-08,TCGA-05-5420-01A-01D-1625-08,TCGA-05-5423-01A-01D-1625-08,TCGA-05-5425-01A-02D-1625-08,TCGA-05-5428-01A-01D-1625-08,TCGA-05-5429-01A-01D-1625-08,TCGA-05-5715-01A-01D-1625-08,TCGA-17-Z000-01A-01W-0746-08,TCGA-17-Z001-01A-01W-0746-08,TCGA-17-Z002-01A-01W-0746-08,TCGA-17-Z003-01A-01W-0746-08,TCGA-17-Z004-01A-01W-0746-08,TCGA-17-Z005-01A-01W-0746-08,TCGA-17-Z007-01A-01W-0746-08,TCGA-17-Z009-01A-01W-0746-08,TCGA-17-Z010-01A-01W-0746-08,TCGA-17-Z011-01A-01W-0746-08,TCGA-17-Z013-01A-01W-0746-08,TCGA-17-Z015-01A-01W-0746-08,TCGA-17-Z016-01A-01W-0746-08,TCGA-17-Z017-01A-01W-0746-08,TCGA-17-Z018-01A-01W-0746-08,TCGA-17-Z019-01A-01W-0746-08,TCGA-17-Z020-01A-01W-0746-08,TCGA-17-Z021-01A-01W-0746-08,TCGA-17-Z022-01A-01W-0746-08,TCGA-17-Z023-01A-01W-0746-08,TCGA-17-Z025-01A-01W-0746-08,TCGA-17-Z026-01A-01W-0746-08,TCGA-17-Z027-01A-01W-0746-08,TCGA-17-Z028-01A-01W-0746-08,TCGA-17-Z030-01A-01W-0746-08,TCGA-17-Z031-01A-01W-0746-08,TCGA-17-Z032-01A-01W-0746-08,TCGA-17-Z033-01A-01W-0746-08,TCGA-17-Z036-01A-01W-0746-08,TCGA-17-Z037-01A-01W-0746-08,TCGA-17-Z041-01A-01W-0746-08,TCGA-17-Z042-01A-01W-0746-08,TCGA-17-Z043-01A-01W-0746-08,TCGA-17-Z044-01A-01W-0746-08,TCGA-17-Z045-01A-01W-0746-08,TCGA-17-Z047-01A-01W-0747-08,TCGA-17-Z048-01A-01W-0746-08,TCGA-17-Z049-01A-01W-0746-08,TCGA-17-Z050-01A-01W-0747-08,TCGA-17-Z051-01A-01W-0747-08,TCGA-17-Z052-01A-01W-0747-08,TCGA-17-Z053-01A-01W-0747-08,TCGA-17-Z054-01A-01W-0747-08,TCGA-17-Z055-01A-01W-0747-08,TCGA-17-Z056-01A-01W-0747-08,TCGA-17-Z057-01A-01W-0747-08,TCGA-17-Z058-01A-01W-0747-08,TCGA-17-Z059-01A-01W-0747-08,TCGA-17-Z061-01A-01W-0747-08,TCGA-17-Z062-01A-01W-0747-08,TCGA-35-4122-01A-01D-1105-08,TCGA-35-4123-01A-01D-1105-08,TCGA-35-5375-01A-01D-1625-08,TCGA-38-4625-01A-01D-1553-08,TCGA-38-4626-01A-01D-1553-08,TCGA-38-4627-01A-01D-1553-08,TCGA-38-4628-01A-01D-1265-08,TCGA-38-4629-01A-02D-1265-08,TCGA-38-4630-01A-01D-1265-08,TCGA-38-4631-01A-01D-1753-08,TCGA-38-4632-01A-01D-1753-08,TCGA-38-6178-01A-11D-1753-08,TCGA-38-7271-01A-11D-2036-08,TCGA-38-A44F-01A-11D-A24D-08,TCGA-44-2655-01A-01D-1553-08,TCGA-44-2655-01A-01W-0928-08,TCGA-44-2656-01A-02D-0969-08,TCGA-44-2656-01A-02D-A271-08,TCGA-44-2656-01A-02W-0928-08,TCGA-44-2656-01A-12D-A27T-08,TCGA-44-2656-01A-41D-A27T-08,TCGA-44-2656-01B-06D-A271-08,TCGA-44-2657-01A-01D-1105-08,TCGA-44-2661-01A-01D-1105-08,TCGA-44-2662-01A-01D-0969-08,TCGA-44-2662-01A-01D-A271-08,TCGA-44-2662-01A-01W-0928-08,TCGA-44-2662-01B-02D-A271-08,TCGA-44-2665-01A-01D-1040-01,TCGA-44-2665-01A-01D-A271-08,TCGA-44-2665-01A-01W-0928-08,TCGA-44-2665-01B-06D-A271-08,TCGA-44-2666-01A-01D-1489-08,TCGA-44-2666-01A-01D-A271-08,TCGA-44-2666-01A-01W-0928-08,TCGA-44-2666-01A-21D-A27T-08,TCGA-44-2666-01A-41D-A27T-08,TCGA-44-2666-01B-02D-A271-08,TCGA-44-2668-01A-01D-0969-08,TCGA-44-2668-01A-01D-A271-08,TCGA-44-2668-01A-01W-0928-08,TCGA-44-2668-01B-02D-A271-08,TCGA-44-3396-01A-01D-1553-08,TCGA-44-3398-01A-01D-1105-08,TCGA-44-3917-01A-01D-A271-08,TCGA-44-3917-01B-02D-A271-08,TCGA-44-3918-01A-01D-1105-08,TCGA-44-3918-01A-01D-A271-08,TCGA-44-3918-01B-02D-A271-08,TCGA-44-3919-01A-02D-1105-08,TCGA-44-3919-01A-02D-1458-08,TCGA-44-4112-01A-01D-1105-08,TCGA-44-4112-01A-01D-1458-08,TCGA-44-4112-01A-01D-A271-08,TCGA-44-4112-01A-22D-A27T-08,TCGA-44-4112-01A-31D-A27T-08,TCGA-44-4112-01B-06D-A271-08,TCGA-44-5643-01A-01D-1625-08,TCGA-44-5644-01A-21D-2036-08,TCGA-44-5645-01A-01D-1625-08,TCGA-44-5645-01A-01D-A271-08,TCGA-44-5645-01A-21D-A27T-08,TCGA-44-5645-01A-51D-A27T-08,TCGA-44-5645-01B-04D-A271-08,TCGA-44-6144-01A-11D-1753-08,TCGA-44-6145-01A-11D-1753-08,TCGA-44-6146-01A-11D-1753-08,TCGA-44-6146-01A-11D-A271-08,TCGA-44-6146-01A-21D-A27T-08,TCGA-44-6146-01A-31D-A27T-08,TCGA-44-6146-01B-04D-A271-08,TCGA-44-6147-01A-11D-1753-08,TCGA-44-6147-01A-11D-A271-08,TCGA-44-6147-01A-21D-A27T-08,TCGA-44-6147-01A-31D-A27T-08,TCGA-44-6147-01B-06D-A271-08,TCGA-44-6148-01A-11D-1753-08,TCGA-44-6774-01A-21D-1855-08,TCGA-44-6775-01A-11D-1855-08,TCGA-44-6775-01A-11D-A271-08,TCGA-44-6775-01A-21D-A27T-08,TCGA-44-6775-01A-31D-A27T-08,TCGA-44-6775-01C-02D-A271-08,TCGA-44-6776-01A-11D-1855-08,TCGA-44-6777-01A-11D-1855-08,TCGA-44-6778-01A-11D-1855-08,TCGA-44-6779-01A-11D-1855-08,TCGA-44-7659-01A-11D-2063-08,TCGA-44-7660-01A-11D-2063-08,TCGA-44-7661-01A-11D-2063-08,TCGA-44-7662-01A-11D-2063-08,TCGA-44-7667-01A-31D-2063-08,TCGA-44-7669-01A-21D-2063-08,TCGA-44-7670-01A-11D-2063-08,TCGA-44-7671-01A-11D-2063-08,TCGA-44-7672-01A-11D-2063-08,TCGA-44-8117-01A-11D-2238-08,TCGA-44-8119-01A-11D-2238-08,TCGA-44-8120-01A-11D-2238-08,TCGA-44-A479-01A-31D-A24D-08,TCGA-44-A47A-01A-21D-A24D-08,TCGA-44-A47B-01A-11D-A24D-08,TCGA-44-A47G-01A-21D-A24D-08,TCGA-44-A4SS-01A-11D-A24P-08,TCGA-44-A4SU-01A-11D-A24P-08,TCGA-49-4486-01A-01D-1265-08,TCGA-49-4487-01A-21D-1855-08,TCGA-49-4488-01A-01D-1753-08,TCGA-49-4490-01A-21D-1855-08,TCGA-49-4494-01A-01D-1265-08,TCGA-49-4501-01A-01D-1265-08,TCGA-49-4505-01A-01D-1931-08,TCGA-49-4506-01A-01D-1265-08,TCGA-49-4507-01A-01D-1265-08,TCGA-49-4510-01A-01D-1265-08,TCGA-49-4512-01A-21D-1855-08,TCGA-49-4514-01A-21D-1855-08,TCGA-49-6742-01A-11D-1855-08,TCGA-49-6743-01A-11D-1855-08,TCGA-49-6744-01A-11D-1855-08,TCGA-49-6745-01A-11D-1855-08,TCGA-49-6761-01A-31D-1945-08,TCGA-49-6767-01A-11D-1855-08,TCGA-49-AAQV-01A-11D-A397-08,TCGA-49-AAR0-01A-21D-A397-08,TCGA-49-AAR2-01A-11D-A397-08,TCGA-49-AAR3-01A-11D-A410-08,TCGA-49-AAR4-01A-12D-A410-08,TCGA-49-AAR9-01A-21D-A410-08,TCGA-49-AARE-01A-11D-A410-08,TCGA-49-AARN-01A-21D-A410-08,TCGA-49-AARO-01A-12D-A410-08,TCGA-49-AARQ-01A-11D-A410-08,TCGA-49-AARR-01A-11D-A410-08,TCGA-4B-A93V-01A-11D-A397-08,TCGA-50-5044-01A-21D-1855-08,TCGA-50-5045-01A-01D-1625-08,TCGA-50-5049-01A-01D-1625-08,TCGA-50-5051-01A-21D-1855-08,TCGA-50-5055-01A-01D-1625-08,TCGA-50-5066-01A-01D-1625-08,TCGA-50-5066-02A-11D-2107-08,TCGA-50-5068-01A-01D-1625-08,TCGA-50-5072-01A-21D-1855-08,TCGA-50-5930-01A-11D-1753-08,TCGA-50-5931-01A-11D-1753-08,TCGA-50-5932-01A-11D-1753-08,TCGA-50-5933-01A-11D-1753-08,TCGA-50-5935-01A-11D-1753-08,TCGA-50-5936-01A-11D-1625-08,TCGA-50-5939-01A-11D-1625-08,TCGA-50-5941-01A-11D-1753-08,TCGA-50-5942-01A-21D-1753-08,TCGA-50-5944-01A-11D-1753-08,TCGA-50-5946-01A-11D-1753-08,TCGA-50-5946-02A-11D-2107-08,TCGA-50-6590-01A-12D-1855-08,TCGA-50-6591-01A-11D-1753-08,TCGA-50-6592-01A-11D-1753-08,TCGA-50-6593-01A-11D-1753-08,TCGA-50-6594-01A-11D-1753-08,TCGA-50-6595-01A-12D-1855-08,TCGA-50-6597-01A-11D-1855-08,TCGA-50-6673-01A-11D-1945-08,TCGA-50-7109-01A-11D-2036-08,TCGA-50-8457-01A-11D-2323-08,TCGA-50-8459-01A-11D-2323-08,TCGA-50-8460-01A-11D-2323-08,TCGA-53-7624-01A-11D-2063-08,TCGA-53-7626-01A-12D-2063-08,TCGA-53-7813-01A-11D-2167-08,TCGA-53-A4EZ-01A-12D-A24P-08,TCGA-55-1592-01A-01D-0969-08,TCGA-55-1592-01A-01W-0928-08,TCGA-55-1594-01A-01D-1040-01,TCGA-55-1594-01A-01W-0928-08,TCGA-55-1595-01A-01D-0969-08,TCGA-55-1596-01A-01D-1040-01,TCGA-55-1596-01A-01W-0928-08,TCGA-55-5899-01A-11D-1625-08,TCGA-55-6543-01A-11D-1753-08,TCGA-55-6642-01A-11D-1855-08,TCGA-55-6712-01A-11D-1855-08,TCGA-55-6968-01A-11D-1945-08,TCGA-55-6969-01A-11D-1945-08,TCGA-55-6970-01A-11D-1945-08,TCGA-55-6971-01A-11D-1945-08,TCGA-55-6972-01A-11D-1945-08,TCGA-55-6975-01A-11D-1945-08,TCGA-55-6978-01A-11D-1945-08,TCGA-55-6979-01A-11D-1945-08,TCGA-55-6980-01A-11D-1945-08,TCGA-55-6981-01A-11D-1945-08,TCGA-55-6982-01A-11D-1945-08,TCGA-55-6983-01A-11D-1945-08,TCGA-55-6984-01A-11D-1945-08,TCGA-55-6985-01A-11D-1945-08,TCGA-55-6986-01A-11D-1945-08,TCGA-55-6987-01A-11D-1945-08,TCGA-55-7227-01A-11D-2036-08,TCGA-55-7281-01A-11D-2036-08,TCGA-55-7283-01A-11D-2036-08,TCGA-55-7284-01B-11D-2238-08,TCGA-55-7570-01A-11D-2036-08,TCGA-55-7573-01A-11D-2036-08,TCGA-55-7574-01A-11D-2036-08,TCGA-55-7576-01A-11D-2063-08,TCGA-55-7724-01A-11D-2167-08,TCGA-55-7725-01A-11D-2167-08,TCGA-55-7726-01A-11D-2167-08,TCGA-55-7727-01A-11D-2167-08,TCGA-55-7728-01A-11D-2184-08,TCGA-55-7815-01A-11D-2167-08,TCGA-55-7903-01A-11D-2167-08,TCGA-55-7907-01A-11D-2167-08,TCGA-55-7910-01A-11D-2167-08,TCGA-55-7911-01A-11D-2167-08,TCGA-55-7913-01B-11D-2238-08,TCGA-55-7914-01A-11D-2167-08,TCGA-55-7994-01A-11D-2184-08,TCGA-55-7995-01A-11D-2184-08,TCGA-55-8085-01A-11D-2238-08,TCGA-55-8087-01A-11D-2238-08,TCGA-55-8089-01A-11D-2238-08,TCGA-55-8090-01A-11D-2238-08,TCGA-55-8091-01A-11D-2238-08,TCGA-55-8092-01A-11D-2238-08,TCGA-55-8094-01A-11D-2238-08,TCGA-55-8096-01A-11D-2238-08,TCGA-55-8097-01A-11D-2238-08,TCGA-55-8203-01A-11D-2238-08,TCGA-55-8204-01A-11D-2238-08,TCGA-55-8205-01A-11D-2238-08,TCGA-55-8206-01A-11D-2238-08,TCGA-55-8207-01A-11D-2238-08,TCGA-55-8208-01A-11D-2238-08,TCGA-55-8299-01A-11D-2284-08,TCGA-55-8301-01A-11D-2284-08,TCGA-55-8302-01A-11D-2323-08,TCGA-55-8506-01A-11D-2393-08,TCGA-55-8507-01A-11D-2393-08,TCGA-55-8508-01A-11D-2393-08,TCGA-55-8510-01A-11D-2393-08,TCGA-55-8511-01A-11D-2393-08,TCGA-55-8512-01A-11D-2393-08,TCGA-55-8513-01A-11D-2393-08,TCGA-55-8514-01A-11D-2393-08,TCGA-55-8614-01A-11D-2393-08,TCGA-55-8615-01A-11D-2393-08,TCGA-55-8616-01A-11D-2393-08,TCGA-55-8619-01A-11D-2393-08,TCGA-55-8620-01A-11D-2393-08,TCGA-55-8621-01A-11D-2393-08,TCGA-55-A48X-01A-11D-A24D-08,TCGA-55-A48Y-01A-11D-A24D-08,TCGA-55-A48Z-01A-12D-A24P-08,TCGA-55-A490-01A-11D-A24D-08,TCGA-55-A491-01A-11D-A24D-08,TCGA-55-A492-01A-11D-A24D-08,TCGA-55-A493-01A-11D-A24D-08,TCGA-55-A494-01A-11D-A24P-08,TCGA-55-A4DF-01A-11D-A24D-08,TCGA-55-A4DG-01A-11D-A24D-08,TCGA-55-A57B-01A-12D-A397-08,TCGA-62-8394-01A-11D-2323-08,TCGA-62-8395-01A-11D-2323-08,TCGA-62-8397-01A-11D-2323-08,TCGA-62-8398-01A-11D-2323-08,TCGA-62-8399-01A-21D-2323-08,TCGA-62-8402-01A-11D-2323-08,TCGA-62-A46O-01A-11D-A24D-08,TCGA-62-A46P-01A-11D-A24D-08,TCGA-62-A46R-01A-11D-A24D-08,TCGA-62-A46S-01A-11D-A24D-08,TCGA-62-A46U-01A-11D-A24D-08,TCGA-62-A46V-01A-11D-A24D-08,TCGA-62-A46Y-01A-11D-A24D-08,TCGA-62-A470-01A-11D-A24D-08,TCGA-62-A471-01A-12D-A24D-08,TCGA-62-A472-01A-11D-A24D-08,TCGA-64-1676-01A-01D-0969-08,TCGA-64-1676-01A-01W-0928-08,TCGA-64-1677-01A-01W-0928-08,TCGA-64-1678-01A-01W-0928-08,TCGA-64-1679-01A-21D-2063-08,TCGA-64-1680-01A-02D-0969-08,TCGA-64-1680-01A-02W-0928-08,TCGA-64-1681-01A-11D-2063-08,TCGA-64-5774-01A-01D-1625-08,TCGA-64-5775-01A-01D-1625-08,TCGA-64-5778-01A-01D-1625-08,TCGA-64-5779-01A-01D-1625-08,TCGA-64-5781-01A-01D-1625-08,TCGA-64-5815-01A-01D-1625-08,TCGA-67-3770-01A-01D-0969-08,TCGA-67-3770-01A-01W-0928-08,TCGA-67-3771-01A-01D-1040-01,TCGA-67-3771-01A-01W-0928-08,TCGA-67-3773-01A-01D-1040-01,TCGA-67-3774-01A-01D-1040-01,TCGA-67-3774-01A-01W-0928-08,TCGA-67-4679-01B-01D-1753-08,TCGA-67-6215-01A-11D-1753-08,TCGA-67-6216-01A-11D-1753-08,TCGA-67-6217-01A-11D-1753-08,TCGA-69-7760-01A-11D-2167-08,TCGA-69-7761-01A-11D-2167-08,TCGA-69-7763-01A-11D-2167-08,TCGA-69-7764-01A-11D-2167-08,TCGA-69-7765-01A-11D-2167-08,TCGA-69-7973-01A-11D-2184-08,TCGA-69-7974-01A-11D-2184-08,TCGA-69-7978-01A-11D-2184-08,TCGA-69-7979-01A-11D-2184-08,TCGA-69-7980-01A-11D-2184-08,TCGA-69-8253-01A-11D-2284-08,TCGA-69-8254-01A-11D-2284-08,TCGA-69-8255-01A-11D-2284-08,TCGA-69-A59K-01A-11D-A25L-08,TCGA-71-6725-01A-11D-1855-08,TCGA-71-8520-01A-11D-2393-08,TCGA-73-4658-01A-01D-1753-08,TCGA-73-4659-01A-01D-1265-08,TCGA-73-4662-01A-01D-1265-08,TCGA-73-4666-01A-01D-1265-08,TCGA-73-4668-01A-01D-1265-08,TCGA-73-4670-01A-01D-1265-08,TCGA-73-4675-01A-01D-1265-08,TCGA-73-4676-01A-01D-1753-08,TCGA-73-4677-01A-01D-1265-08,TCGA-73-7498-01A-12D-2184-08,TCGA-73-7499-01A-11D-2184-08,TCGA-73-A9RS-01A-11D-A410-08,TCGA-75-5122-01A-01D-1753-08,TCGA-75-5125-01A-01D-1753-08,TCGA-75-5126-01A-01D-1753-08,TCGA-75-5146-01A-01D-1625-08,TCGA-75-5147-01A-01D-1625-08,TCGA-75-6203-01A-11D-1753-08,TCGA-75-6205-01A-11D-1753-08,TCGA-75-6206-01A-11D-1753-08,TCGA-75-6207-01A-11D-1753-08,TCGA-75-6211-01A-11D-1753-08,TCGA-75-6212-01A-11D-1753-08,TCGA-75-6214-01A-41D-1945-08,TCGA-75-7025-01A-12D-1945-08,TCGA-75-7027-01A-11D-1945-08,TCGA-75-7030-01A-11D-1945-08,TCGA-75-7031-01A-11D-1945-08,TCGA-78-7145-01A-11D-2036-08,TCGA-78-7146-01A-11D-2036-08,TCGA-78-7147-01A-11D-2036-08,TCGA-78-7148-01A-11D-2036-08,TCGA-78-7149-01A-11D-2036-08,TCGA-78-7150-01A-21D-2036-08,TCGA-78-7152-01A-11D-2036-08,TCGA-78-7153-01A-11D-2036-08,TCGA-78-7154-01A-11D-2036-08,TCGA-78-7155-01A-11D-2036-08,TCGA-78-7156-01A-11D-2036-08,TCGA-78-7158-01A-11D-2036-08,TCGA-78-7159-01A-11D-2036-08,TCGA-78-7160-01A-11D-2036-08,TCGA-78-7161-01A-11D-2036-08,TCGA-78-7162-01A-21D-2063-08,TCGA-78-7163-01A-12D-2063-08,TCGA-78-7166-01A-12D-2063-08,TCGA-78-7167-01A-11D-2063-08,TCGA-78-7220-01A-11D-2036-08,TCGA-78-7535-01A-11D-2063-08,TCGA-78-7536-01A-11D-2063-08,TCGA-78-7537-01A-11D-2063-08,TCGA-78-7539-01A-11D-2063-08,TCGA-78-7540-01A-11D-2063-08,TCGA-78-7542-01A-21D-2063-08,TCGA-78-7633-01A-11D-2063-08,TCGA-78-8640-01A-11D-2393-08,TCGA-78-8648-01A-11D-2393-08,TCGA-78-8655-01A-11D-2393-08,TCGA-78-8660-01A-11D-2393-08,TCGA-78-8662-01A-11D-2393-08,TCGA-80-5607-01A-31D-1945-08,TCGA-80-5608-01A-31D-1945-08,TCGA-80-5611-01A-01D-1625-08,TCGA-83-5908-01A-21D-2284-08,TCGA-86-6562-01A-11D-1753-08,TCGA-86-6851-01A-11D-1945-08,TCGA-86-7701-01A-11D-2167-08,TCGA-86-7711-01A-11D-2063-08,TCGA-86-7713-01A-11D-2063-08,TCGA-86-7714-01A-12D-2167-08,TCGA-86-7953-01A-11D-2184-08,TCGA-86-7954-01A-11D-2184-08,TCGA-86-7955-01A-11D-2184-08,TCGA-86-8054-01A-11D-2238-08,TCGA-86-8055-01A-11D-2238-08,TCGA-86-8056-01A-11D-2238-08,TCGA-86-8073-01A-11D-2238-08,TCGA-86-8074-01A-11D-2238-08,TCGA-86-8075-01A-11D-2238-08,TCGA-86-8076-01A-31D-2238-08,TCGA-86-8278-01A-11D-2284-08,TCGA-86-8279-01A-11D-2284-08,TCGA-86-8280-01A-11D-2284-08,TCGA-86-8281-01A-11D-2284-08,TCGA-86-8359-01A-11D-2323-08,TCGA-86-8585-01A-11D-2393-08,TCGA-86-8668-01A-11D-2393-08,TCGA-86-8669-01A-11D-2393-08,TCGA-86-8671-01A-11D-2393-08,TCGA-86-8672-01A-21D-2393-08,TCGA-86-8673-01A-11D-2393-08,TCGA-86-8674-01A-21D-2393-08,TCGA-86-A456-01A-11D-A24D-08,TCGA-86-A4D0-01A-11D-A24D-08,TCGA-86-A4JF-01A-11D-A24P-08,TCGA-86-A4P7-01A-11D-A24P-08,TCGA-91-6828-01A-11D-1855-08,TCGA-91-6829-01A-21D-1855-08,TCGA-91-6830-01A-11D-1945-08,TCGA-91-6831-01A-11D-1855-08,TCGA-91-6835-01A-11D-1855-08,TCGA-91-6836-01A-21D-1855-08,TCGA-91-6840-01A-11D-1945-08,TCGA-91-6847-01A-11D-1945-08,TCGA-91-6848-01A-11D-1945-08,TCGA-91-6849-01A-11D-1945-08,TCGA-91-7771-01A-11D-2167-08,TCGA-91-8496-01A-11D-2393-08,TCGA-91-8497-01A-11D-2393-08,TCGA-91-8499-01A-11D-2393-08,TCGA-91-A4BC-01A-11D-A24D-08,TCGA-91-A4BD-01A-11D-A24D-08,TCGA-93-7347-01A-11D-2184-08,TCGA-93-7348-01A-21D-2036-08,TCGA-93-8067-01A-11D-2284-08,TCGA-93-8067-01C-01D-A38P-08,TCGA-93-8067-01D-01D-A38P-08,TCGA-93-A4JN-01A-11D-A24P-08,TCGA-93-A4JO-01A-21D-A24P-08,TCGA-93-A4JP-01A-11D-A24P-08,TCGA-93-A4JP-01D-01D-A38P-08,TCGA-93-A4JP-01E-01D-A38P-08,TCGA-93-A4JQ-01A-11D-A24P-08,TCGA-95-7039-01A-11D-1945-08,TCGA-95-7043-01A-11D-1945-08,TCGA-95-7562-01A-11D-2238-08,TCGA-95-7567-01A-11D-2063-08,TCGA-95-7944-01A-11D-2184-08,TCGA-95-7947-01A-11D-2184-08,TCGA-95-7948-01A-11D-2184-08,TCGA-95-8039-01A-11D-2238-08,TCGA-95-8494-01A-11D-2323-08,TCGA-95-A4VK-01A-11D-A25L-08,TCGA-95-A4VN-01A-11D-A25L-08,TCGA-95-A4VP-01A-21D-A25L-08,TCGA-97-7546-01A-11D-2036-08,TCGA-97-7547-01A-11D-2036-08,TCGA-97-7552-01A-11D-2036-08,TCGA-97-7553-01A-21D-2036-08,TCGA-97-7554-01A-11D-2036-08,TCGA-97-7937-01A-11D-2167-08,TCGA-97-7938-01A-11D-2167-08,TCGA-97-7941-01A-11D-2184-08,TCGA-97-8171-01A-11D-2284-08,TCGA-97-8172-01A-11D-2284-08,TCGA-97-8174-01A-11D-2284-08,TCGA-97-8175-01A-11D-2284-08,TCGA-97-8176-01A-11D-2393-08,TCGA-97-8177-01A-11D-2284-08,TCGA-97-8179-01A-11D-2284-08,TCGA-97-8547-01A-11D-2393-08,TCGA-97-8552-01A-11D-2393-08,TCGA-97-A4LX-01A-11D-A24P-08,TCGA-97-A4M0-01A-11D-A24P-08,TCGA-97-A4M1-01A-11D-A24P-08,TCGA-97-A4M3-01A-11D-A24P-08,TCGA-97-A4M5-01A-11D-A24P-08,TCGA-97-A4M6-01A-11D-A24P-08,TCGA-97-A4M7-01A-11D-A24P-08,TCGA-99-7458-01A-11D-2036-08,TCGA-99-8025-01A-11D-2238-08,TCGA-99-8028-01A-11D-2238-08,TCGA-99-8032-01A-11D-2238-08,TCGA-99-8033-01A-11D-2238-08,TCGA-99-AA5R-01A-11D-A397-08,TCGA-J2-8192-01A-11D-2238-08,TCGA-J2-8194-01A-11D-2238-08,TCGA-J2-A4AD-01A-11D-A24D-08,TCGA-J2-A4AE-01A-21D-A24D-08,TCGA-J2-A4AG-01A-11D-A24D-08,TCGA-L4-A4E5-01A-11D-A24P-08,TCGA-L4-A4E6-01A-11D-A24D-08,TCGA-L9-A443-01A-12D-A24D-08,TCGA-L9-A444-01A-21D-A24D-08,TCGA-L9-A50W-01A-12D-A397-08,TCGA-L9-A5IP-01A-21D-A397-08,TCGA-L9-A743-01A-43D-A397-08,TCGA-L9-A7SV-01A-11D-A397-08,TCGA-L9-A8F4-01A-11D-A397-08,TCGA-MN-A4N1-01A-11D-A24P-08,TCGA-MN-A4N4-01A-12D-A24P-08,TCGA-MN-A4N5-01A-11D-A24P-08,TCGA-MP-A4SV-01A-11D-A24P-08,TCGA-MP-A4SW-01A-21D-A24P-08,TCGA-MP-A4SY-01A-21D-A24P-08,TCGA-MP-A4T2-01A-11D-A24P-08,TCGA-MP-A4T4-01A-11D-A25L-08,TCGA-MP-A4T6-01A-32D-A25L-08,TCGA-MP-A4T7-01A-11D-A24P-08,TCGA-MP-A4T8-01A-11D-A24P-08,TCGA-MP-A4T9-01A-11D-A24P-08,TCGA-MP-A4TA-01A-21D-A24P-08,TCGA-MP-A4TC-01A-11D-A24P-08,TCGA-MP-A4TD-01A-32D-A25L-08,TCGA-MP-A4TE-01A-22D-A25L-08,TCGA-MP-A4TF-01A-11D-A25L-08,TCGA-MP-A4TH-01A-31D-A25L-08,TCGA-MP-A4TJ-01A-51D-A25L-08,TCGA-MP-A4TK-01A-11D-A24P-08,TCGA-MP-A5C7-01A-11D-A25L-08,TCGA-NJ-A4YF-01A-12D-A25L-08,TCGA-NJ-A4YG-01A-22D-A25L-08,TCGA-NJ-A4YI-01A-11D-A25L-08,TCGA-NJ-A4YP-01A-11D-A25L-08,TCGA-NJ-A4YQ-01A-11D-A25L-08,TCGA-NJ-A55A-01A-11D-A25L-08,TCGA-NJ-A55O-01A-11D-A25L-08,TCGA-NJ-A55R-01A-11D-A25L-08,TCGA-NJ-A7XG-01A-12D-A397-08,TCGA-O1-A52J-01A-11D-A25L-08,TCGA-S2-AA1A-01A-12D-A397-08
A[C>A]A,5,8,6,48,5,1,16,9,6,13,16,1,2,5,28,6,11,3,11,0,18,0,0,19,4,12,0,0,2,3,11,8,1,1,2,4,0,1,0,2,0,0,8,2,0,16,9,4,12,0,2,1,37,6,5,11,2,15,13,53,0,5,0,1,0,8,1,2,22,0,0,17,6,1,3,5,0,15,11,4,1,1,5,12,4,8,7,13,8,0,0,5,1,21,10,1,0,1,6,6,19,16,20,19,18,20,11,0,3,3,3,2,0,0,0,0,0,0,0,0,0,0,11,10,11,7,1,3,8,9,14,16,16,0,0,14,16,13,14,15,11,1,21,1,1,1,1,1,3,13,1,0,1,0,1,3,2,2,0,1,0,9,1,0,1,1,1,1,6,9,3,3,6,7,15,9,12,26,2,4,21,11,15,10,5,0,0,18,5,1,4,10,0,7,0,6,1,2,0,0,2,1,10,4,0,1,4,0,3,11,2,16,17,20,10,21,20,0,2,0,6,14,2,0,7,11,1,5,20,9,1,13,2,1,2,10,1,2,16,17,21,1,0,4,14,1,1,1,6,0,0,0,16,13,1,16,12,10,2,2,9,4,4,5,0,4,1,5,10,1,4,3,1,1,5,0,0,1,2,0,14,0,3,1,12,1,0,13,0,7,6,2,4,1,8,2,1,0,32,4,5,6,2,33,18,2,0,24,0,0,11,10,2,0,13,8,11,0,4,2,8,0,25,27,22,6,12,15,0,0,7,6,5,18,0,8,0,9,0,2,41,7,5,3,7,5,20,1,0,0,1,3,8,1,19,4,2,1,1,0,1,3,1,1,14,15,1,17,16,0,0,0,1,8,14,6,22,5,7,7,15,16,3,2,0,4,0,0,4,2,1,0,2,12,9,17,13,47,15,2,0,3,12,1,0,4,6,5,11,9,3,0,0,12,2,0,31,4,4,16,8,1,0,0,0,0,6,0,11,1,8,0,1,4,2,9,4,1,1,2,1,6,47,5,4,8,0,3,2,0,5,1,20,5,20,4,6,0,6,1,13,0,1,5,35,1,2,1,8,0,22,6,5,3,0,0,2,5,4,1,2,35,0,1,0,0,9,0,9,5,8,2,1,0,4,9,6,3,4,9,0,6,19,0,8,2,11,0,1,11,1,1,0,1,4,10,1,3,1,2,2,1,0,0,0,0,0,0,35,39,10,10,2,10,0,0,1,4,17,3,3,4,0,1,6,10,6,2,0,3,4,1,3,0,2,0,0,7,8,1,2,0,1,6,11,9,13,8,3,0,0,3,8,0,0,6,0,8,14,2,4,1,49,26,11,29,13,6,0,3,1,9,1,3,0,0,7,6,2,2,7,1,0,7,0,8,0,11,3,25,1,2,3,0,3,4
A[C>A]C,4,8,1,60,1,2,8,5,4,24,15,1,3,12,36,7,11,10,5,1,13,0,0,24,3,20,2,1,1,5,12,9,0,1,0,3,0,5,1,1,1,1,9,0,2,9,6,7,3,0,2,3,18,9,5,21,1,11,13,60,0,3,2,0,0,10,1,1,20,0,0,16,3,5,3,3,0,22,7,3,5,2,5,11,6,5,13,25,13,0,0,6,1,25,14,1,1,0,6,6,38,36,35,37,37,33,10,1,1,1,2,1,0,0,0,0,0,0,0,0,0,1,11,9,7,7,3,6,5,4,27,26,29,0,0,11,12,11,11,12,11,1,27,0,0,0,0,0,6,14,1,1,1,1,1,3,4,4,2,3,0,5,0,0,0,0,0,6,8,15,1,3,5,7,7,15,15,23,3,3,24,17,12,11,0,0,1,7,4,4,10,6,2,5,2,7,0,3,0,1,2,4,16,5,2,3,11,1,2,8,1,13,12,31,12,17,10,0,5,0,2,13,2,0,9,15,2,4,36,5,3,8,0,1,0,8,1,0,17,15,19,0,6,2,12,1,0,0,5,1,3,0,19,8,6,10,6,5,4,3,3,3,4,7,1,5,1,4,5,6,0,4,1,0,1,0,0,1,1,0,12,0,2,2,8,3,0,7,1,5,13,1,5,0,3,1,5,0,26,8,7,8,5,35,17,4,0,23,3,0,10,6,4,1,16,4,4,0,9,7,6,4,12,31,28,5,7,13,3,0,4,3,0,14,0,18,1,10,1,1,46,6,6,2,10,7,19,0,0,0,2,1,7,0,18,7,1,0,2,2,1,0,0,0,17,14,1,11,12,1,0,1,6,13,13,11,24,4,6,6,12,16,5,4,4,11,0,0,6,1,1,1,1,14,3,14,16,46,19,3,1,2,9,0,2,7,3,6,7,10,9,0,2,10,2,0,35,5,1,13,5,1,0,0,3,1,10,0,13,0,11,0,2,3,4,3,3,1,10,7,2,2,37,6,6,5,1,2,1,1,5,1,24,4,17,5,3,2,12,2,22,0,2,3,32,1,1,1,4,1,25,3,2,8,2,0,4,9,6,0,3,44,3,0,0,0,12,0,4,6,9,1,3,0,3,9,7,10,6,15,1,9,8,0,10,4,11,0,0,12,5,4,1,0,4,18,0,2,3,7,5,2,1,0,0,1,1,3,27,30,12,14,0,8,0,1,0,5,15,4,6,5,1,1,16,9,10,3,2,5,7,1,2,0,9,1,0,2,6,0,4,0,0,15,11,15,17,9,2,2,1,5,5,1,3,9,0,14,16,0,10,1,54,12,8,36,13,2,2,0,1,10,1,3,1,2,6,3,1,3,15,0,4,12,3,20,4,13,6,29,6,3,6,1,4,3
A[C>A]G,4,4,9,23,3,0,11,3,3,15,13,0,1,6,21,6,6,3,2,1,7,0,0,16,4,7,0,0,3,3,14,7,0,0,2,3,0,3,0,1,0,1,8,4,0,7,5,7,8,0,1,1,28,2,5,12,0,12,9,40,0,4,0,0,1,8,3,2,10,0,0,10,2,4,3,1,0,4,3,3,1,5,0,2,0,2,11,11,3,0,0,4,0,16,8,0,0,0,5,4,13,12,12,8,12,9,7,0,0,0,0,0,0,0,0,0,0,0,0,0,0,0,9,7,8,5,2,1,1,2,16,18,15,1,1,6,5,6,6,6,4,1,11,0,0,0,0,0,4,10,0,0,0,0,0,5,6,6,4,4,0,8,0,0,0,0,0,6,3,5,0,1,6,5,8,10,11,17,2,5,10,7,9,5,0,0,1,5,1,0,7,2,0,1,0,1,1,3,1,1,2,1,7,5,0,1,8,0,0,6,1,3,16,15,3,11,19,0,4,0,7,20,1,0,3,3,1,1,25,3,1,9,0,2,1,7,1,1,7,7,13,0,1,3,3,1,0,0,4,1,1,0,9,4,3,13,4,4,2,2,2,4,4,5,0,4,1,4,7,2,1,2,0,0,1,0,1,0,0,0,8,0,2,4,7,0,0,4,2,2,3,2,2,1,5,1,0,3,29,4,7,7,4,27,14,3,1,21,1,0,1,11,2,0,14,0,5,1,3,1,1,5,18,19,17,3,3,8,0,0,2,1,1,7,0,11,0,10,0,1,25,3,5,5,1,6,13,0,1,0,0,0,9,2,12,3,0,0,0,0,0,2,0,1,16,17,1,10,10,0,0,0,4,6,15,5,24,2,5,3,9,7,1,1,1,8,0,0,1,1,1,0,1,8,6,5,8,30,8,1,0,4,2,0,1,5,6,3,5,4,2,1,0,0,0,0,21,0,2,6,2,1,0,0,1,0,7,0,13,0,3,0,3,7,5,2,2,2,4,2,0,1,35,3,8,3,0,0,1,0,7,1,12,3,8,0,2,0,3,2,9,0,3,3,25,0,5,2,6,0,20,3,2,0,2,1,0,8,3,0,7,24,0,0,0,0,13,0,3,1,6,0,3,0,1,8,5,4,2,5,1,2,3,0,2,0,9,1,1,8,2,1,0,1,4,6,0,2,2,1,1,1,2,0,1,1,1,0,30,20,6,4,1,3,0,0,0,2,6,2,5,1,0,1,12,10,4,2,0,1,3,0,0,1,3,0,0,2,3,0,4,0,0,8,7,2,7,8,1,0,0,1,4,0,1,11,0,3,6,1,3,0,34,12,5,27,12,3,0,1,0,5,0,1,2,0,7,6,0,0,7,0,2,6,0,12,2,9,6,23,0,5,3,0,3,2
A[C>A]T,2,6,11,37,1,2,9,2,7,12,19,0,1,5,19,4,5,3,7,0,11,0,0,19,3,12,0,0,1,2,20,5,0,0,1,2,0,0,0,3,0,0,4,3,1,4,4,0,4,0,2,4,28,5,7,9,1,5,7,36,0,1,0,1,0,10,2,2,19,0,0,5,0,0,2,2,0,9,15,3,3,4,1,6,5,5,3,8,7,0,2,7,1,7,7,0,1,0,2,2,20,19,17,18,19,18,7,0,2,2,2,1,0,0,0,0,0,0,0,0,0,0,6,5,6,3,1,2,5,5,14,15,18,0,0,10,10,8,11,9,9,3,15,0,0,0,0,0,2,8,0,0,0,0,0,2,4,3,3,2,0,5,1,0,1,1,1,3,7,5,0,1,6,1,15,8,9,20,1,4,16,9,9,9,1,0,1,8,2,0,7,6,0,1,0,5,1,2,1,1,5,2,4,1,0,3,4,1,0,3,2,9,12,16,5,10,17,0,4,0,5,16,3,0,4,5,1,1,15,1,2,6,0,2,0,3,1,1,8,8,16,0,4,9,6,0,0,0,4,0,3,0,9,6,0,3,11,9,0,0,0,0,0,9,0,1,2,3,10,3,1,5,0,0,1,0,0,0,1,0,9,0,0,2,11,2,0,5,0,0,1,1,0,0,2,2,2,1,24,4,3,4,3,30,13,3,1,15,0,0,3,13,1,2,11,4,2,0,3,3,2,8,11,22,21,0,7,7,0,0,3,2,0,8,0,3,0,4,1,0,14,10,4,2,0,3,14,0,2,1,0,1,9,0,10,5,1,0,0,0,0,0,0,1,15,16,3,4,11,0,0,1,1,10,6,8,24,6,4,5,6,7,2,1,1,4,0,0,2,2,0,4,1,10,6,9,5,29,7,3,2,3,8,0,0,1,2,2,7,9,3,0,1,3,1,1,12,3,2,12,5,0,0,0,2,1,1,0,12,0,6,0,1,1,3,2,3,0,5,0,0,0,28,3,1,3,0,7,2,0,2,0,11,3,9,2,8,0,5,0,15,0,1,1,21,0,6,1,1,2,17,3,2,2,0,0,0,4,7,0,1,29,0,0,1,0,5,0,2,2,5,0,1,0,2,5,1,10,7,10,0,3,6,0,3,1,7,1,1,5,1,4,0,0,3,4,0,1,0,2,1,0,0,0,0,0,0,1,21,20,17,10,1,3,0,0,2,5,2,0,4,2,1,0,4,7,5,1,1,9,5,1,1,0,2,0,0,3,8,0,3,1,0,4,7,6,9,3,2,0,0,1,2,0,1,3,0,6,11,0,5,0,29,15,11,17,8,9,2,1,0,9,0,0,0,0,8,2,3,2,8,1,0,3,0,12,1,7,3,18,0,0,9,0,2,2
C[C>A]A,12,11,12,111,5,6,32,10,8,42,37,0,1,11,59,8,8,16,19,2,39,0,0,47,16,25,0,0,4,12,28,15,0,2,6,7,0,11,0,5,1,2,15,2,0,20,16,9,15,0,4,7,61,20,19,41,0,18,30,123,3,5,5,1,1,20,5,4,35,0,0,28,7,4,4,11,0,26,25,10,2,11,6,27,16,20,16,37,10,0,5,8,1,40,20,1,3,0,9,9,44,42,43,40,46,37,27,2,1,2,2,2,0,1,0,1,0,0,0,0,0,0,16,12,18,9,4,8,12,13,57,64,62,0,0,17,18,18,19,17,15,2,54,0,0,0,0,0,2,9,1,1,1,1,1,8,10,9,7,8,0,15,2,3,3,3,2,7,14,15,3,5,12,8,31,22,21,55,8,5,43,24,37,14,7,3,1,13,6,2,16,15,0,8,0,11,6,6,1,1,8,3,27,13,0,2,22,1,3,28,4,27,35,73,22,34,48,0,6,0,20,45,10,0,11,11,1,6,78,14,4,23,0,1,1,21,3,0,39,40,46,1,6,20,25,1,0,1,14,0,6,1,41,25,6,30,17,17,3,3,21,7,5,22,0,8,1,8,20,5,0,6,1,0,4,0,1,2,8,0,29,0,7,6,21,9,0,13,1,3,20,4,11,1,9,4,3,11,60,13,9,10,8,100,27,7,0,54,4,0,31,33,4,1,18,7,17,1,19,2,8,10,44,68,56,9,21,34,1,0,18,2,3,32,0,20,4,21,2,1,100,16,11,9,6,11,45,0,3,1,0,5,11,0,40,18,1,5,0,1,0,2,1,1,27,28,4,20,26,0,0,0,8,30,27,21,50,10,8,7,34,34,6,4,4,13,0,1,11,1,0,7,0,30,20,29,25,81,31,5,2,10,29,1,0,8,10,8,16,20,12,1,3,18,8,0,74,5,4,25,12,0,0,0,3,2,14,0,35,0,7,1,3,7,10,10,11,3,13,4,3,3,76,10,11,18,0,10,1,0,16,4,38,8,40,4,12,0,29,9,27,0,3,7,52,1,8,3,6,2,51,10,3,11,2,2,5,14,4,0,4,97,1,1,2,1,30,1,14,10,24,0,6,0,17,18,17,23,14,38,0,13,37,2,14,2,20,1,1,26,5,6,0,0,12,17,0,4,2,10,9,8,2,0,0,2,1,0,75,56,25,19,2,10,0,3,0,12,16,8,18,3,0,1,15,24,25,1,0,16,6,0,4,0,6,1,0,13,17,2,8,4,0,16,24,15,22,18,6,1,1,8,6,0,2,19,2,13,39,0,12,4,135,41,22,68,19,8,2,4,3,27,1,3,8,1,16,11,3,8,22,1,4,18,2,43,5,37,8,74,4,7,9,1,10,13
C[C>A]C,9,19,20,122,7,6,34,10,6,28,27,1,4,17,59,8,11,11,13,0,39,0,1,56,12,35,0,0,4,7,26,23,1,0,3,11,0,4,0,2,0,2,20,5,0,19,19,10,13,0,2,5,51,14,15,24,2,18,34,145,4,6,5,0,1,28,3,3,27,0,0,30,7,3,6,13,0,40,14,2,4,4,4,26,6,18,17,41,8,0,1,12,1,36,29,1,0,0,12,12,58,50,51,55,56,41,21,0,5,5,5,2,0,0,0,0,0,0,0,1,0,0,19,18,19,13,3,4,10,8,61,64,54,0,0,25,24,26,26,26,19,0,47,0,0,0,0,0,13,22,0,0,0,0,0,11,12,11,5,8,0,20,2,1,1,1,1,13,15,20,4,6,12,11,25,21,21,71,9,7,48,32,42,19,1,0,3,26,3,3,15,14,0,10,1,7,8,5,3,1,14,4,29,10,0,5,37,1,3,25,5,27,36,85,19,37,43,0,4,1,27,48,3,0,15,13,4,6,69,8,4,18,0,3,1,14,1,0,37,35,37,0,5,16,30,1,0,0,10,1,2,0,31,19,4,29,15,13,2,2,15,6,6,25,0,5,3,6,16,7,0,8,2,0,6,0,0,2,2,0,21,0,6,7,16,8,0,8,1,1,20,3,5,0,10,7,9,4,62,15,6,16,6,93,27,7,0,47,4,0,33,23,5,3,18,3,19,0,15,7,8,15,51,86,71,7,16,31,0,0,11,5,3,28,0,29,3,23,0,1,81,24,16,13,9,13,48,0,0,0,1,3,17,1,55,12,3,5,0,1,0,5,0,1,38,34,3,31,30,0,0,0,7,26,24,16,44,5,9,9,49,39,4,3,2,13,0,0,15,2,0,1,3,34,14,22,25,103,41,2,2,8,35,1,2,6,4,9,18,20,15,0,1,13,3,0,62,2,4,30,12,0,0,0,2,1,19,0,19,0,9,0,7,3,17,7,7,3,14,5,1,6,89,8,6,11,0,14,3,1,16,3,37,8,44,4,10,0,23,4,25,0,0,5,60,0,9,7,4,0,33,13,8,7,1,1,3,9,11,0,5,92,0,0,0,0,44,0,13,6,30,0,3,0,16,25,20,17,14,34,0,17,25,0,12,0,30,0,0,21,2,5,0,0,12,25,0,6,3,4,1,2,0,1,1,3,3,1,70,72,29,31,0,17,0,3,0,19,24,7,11,3,0,3,29,19,17,5,1,10,7,0,2,0,5,0,1,9,16,0,14,1,0,28,19,17,20,21,8,2,0,4,9,0,3,21,0,8,29,0,15,4,143,35,25,85,18,9,1,2,1,14,0,11,6,0,16,17,4,6,14,3,2,19,1,41,1,24,5,63,7,12,14,1,7,5
C[C>A]G,3,15,17,48,2,2,9,5,8,13,21,0,5,7,23,8,13,13,10,0,24,0,0,30,5,16,1,0,1,7,19,9,0,0,2,4,0,2,0,2,1,2,7,3,0,15,7,2,7,0,2,0,32,11,6,14,1,6,17,85,2,2,0,0,0,10,5,6,16,0,0,17,4,2,3,7,0,10,6,8,1,4,5,7,5,8,7,20,7,0,1,5,3,24,16,0,1,0,5,6,27,30,25,32,30,24,9,0,0,0,0,0,0,0,0,0,0,0,0,0,1,0,5,4,5,3,1,2,4,3,23,21,21,0,0,18,19,19,17,19,11,3,32,0,0,0,0,0,11,12,0,0,0,0,0,3,3,5,2,2,0,9,1,2,0,3,1,6,8,13,3,6,9,7,18,12,13,15,5,3,26,12,32,6,4,0,0,17,2,1,7,11,0,5,0,6,4,6,1,0,3,3,19,7,1,3,17,0,6,8,3,15,29,42,11,18,22,0,2,0,10,14,6,0,4,5,2,3,43,9,3,12,0,1,0,11,1,2,16,17,11,0,7,10,15,0,0,0,8,1,6,1,20,9,3,24,10,7,2,3,6,3,2,13,0,3,0,7,3,3,3,5,2,0,2,0,0,0,4,0,11,0,1,4,18,1,0,6,2,5,11,1,4,0,6,2,3,3,38,11,9,12,4,63,15,6,0,26,4,0,14,12,3,5,16,3,6,0,11,2,5,6,20,60,30,6,9,13,3,0,8,6,3,19,0,21,0,7,1,0,51,12,4,3,6,8,17,0,1,0,0,1,11,0,20,9,8,5,1,0,0,6,2,1,27,26,4,17,14,0,0,1,7,19,17,13,43,4,13,12,27,22,3,1,1,10,0,0,5,0,1,0,2,28,10,18,16,67,19,7,1,6,14,0,1,7,5,8,11,8,13,2,2,1,5,0,30,3,0,14,11,0,0,0,1,0,8,0,10,0,4,0,4,4,10,7,9,1,2,5,0,5,54,9,4,11,0,5,3,0,6,1,21,10,16,3,7,0,12,5,7,0,4,3,34,0,2,1,4,0,25,6,4,3,3,0,6,12,4,0,4,61,0,0,1,0,8,0,11,2,12,0,3,0,12,12,12,8,10,14,0,10,18,1,0,1,16,1,0,12,2,6,1,1,6,11,0,5,0,1,1,0,0,0,0,0,0,0,44,38,12,21,1,6,0,1,0,9,17,3,12,1,0,0,16,17,15,2,0,6,5,0,1,0,3,0,0,1,7,0,4,0,0,10,20,11,8,10,3,0,0,3,3,0,3,10,0,9,21,0,11,1,60,20,17,40,22,6,0,0,1,13,0,8,2,0,8,13,2,2,15,2,1,17,1,12,3,18,7,46,2,3,7,1,10,2
C[C>A]T,10,9,16,88,6,7,30,6,9,26,24,1,0,18,51,13,15,7,10,0,36,0,1,35,11,23,0,0,1,2,20,18,0,1,3,6,0,6,0,6,1,1,16,2,2,17,11,7,17,0,6,8,45,7,7,25,1,31,26,109,1,5,1,2,2,26,9,3,32,0,0,22,2,4,6,6,0,26,15,5,4,8,4,21,6,11,14,26,9,1,1,8,3,29,15,2,0,0,12,14,52,47,45,48,52,44,20,0,2,2,2,2,0,0,0,0,1,1,0,1,0,0,20,20,20,11,1,5,6,6,44,48,48,2,2,24,27,26,29,29,20,3,43,0,0,0,0,0,10,18,0,0,0,0,0,5,7,7,3,4,1,6,1,0,1,1,0,7,16,18,1,5,11,7,20,15,12,53,11,4,40,27,27,22,3,0,0,20,3,1,15,13,0,8,0,4,1,1,1,0,10,4,21,5,1,6,18,0,3,20,2,20,25,45,13,36,26,0,7,1,15,52,4,0,9,13,2,5,73,11,6,21,0,0,1,13,2,0,24,23,45,0,7,11,23,4,1,0,9,2,5,0,30,19,11,25,13,14,4,3,8,5,5,15,0,9,1,11,14,6,4,4,2,0,1,0,0,2,3,0,23,0,4,8,17,7,0,7,0,5,12,2,2,1,10,2,8,7,57,15,1,14,6,73,28,4,0,54,2,0,18,16,4,6,20,3,16,0,14,6,4,13,28,70,59,5,10,18,0,0,11,3,5,34,0,24,1,11,0,1,54,12,5,8,7,6,35,1,2,1,1,0,19,0,34,16,4,5,1,0,0,1,1,0,30,30,2,24,17,0,1,0,10,27,15,23,45,7,6,6,31,27,3,2,2,10,0,0,7,0,0,1,0,36,12,13,18,80,28,2,1,7,28,0,2,12,10,7,16,16,18,3,1,11,1,1,39,2,3,26,6,0,1,1,2,0,17,0,26,0,11,0,1,9,9,12,10,2,8,4,0,2,65,6,9,13,0,4,4,0,19,4,31,3,17,4,6,0,13,1,30,0,4,5,47,0,4,6,5,1,29,2,7,5,1,1,6,9,10,0,3,79,1,0,2,0,24,1,10,8,17,0,1,0,10,14,15,14,14,28,0,13,21,0,10,1,17,1,0,29,3,2,0,0,6,23,0,3,2,5,2,3,2,1,1,1,2,1,52,41,24,33,0,7,0,2,0,6,14,7,10,9,0,2,16,33,17,4,1,8,6,0,6,1,10,1,0,3,12,0,4,1,0,18,17,16,30,17,8,2,0,0,5,0,1,13,0,8,23,1,16,6,88,25,16,50,27,19,0,3,3,19,0,6,2,1,12,11,3,0,20,2,4,10,0,29,5,19,11,43,3,8,16,0,6,2
G[C>A]A,5,6,12,57,5,3,13,1,7,20,13,0,0,7,27,4,6,6,10,1,23,1,0,29,12,11,0,0,4,2,10,7,0,1,2,3,0,3,0,1,1,2,6,1,0,12,6,5,7,0,1,3,31,11,4,11,3,7,13,48,3,7,1,1,4,15,4,1,14,0,0,18,3,3,1,5,0,15,7,6,1,4,2,17,11,7,4,20,2,0,0,6,1,21,12,2,1,0,3,2,24,24,19,24,23,18,13,0,1,1,1,1,0,0,0,0,0,0,0,0,0,0,8,9,8,6,1,3,3,3,38,40,41,0,0,8,7,8,8,8,7,6,39,0,0,0,0,0,4,11,1,1,1,1,0,3,4,4,2,3,0,16,1,1,1,1,1,3,5,9,2,3,8,4,13,8,13,16,12,6,16,13,14,4,2,1,0,9,2,3,6,5,0,10,0,2,2,4,2,0,6,1,10,4,1,0,13,1,3,16,1,19,21,31,6,23,17,1,3,0,5,18,3,0,7,5,1,3,25,4,3,17,2,2,0,6,1,0,14,14,16,0,2,7,7,0,0,0,10,1,1,1,22,9,2,13,11,11,4,4,8,4,5,8,0,1,1,6,10,6,2,8,0,0,2,0,0,0,1,1,15,0,5,1,9,4,2,9,3,5,5,1,4,1,2,1,4,3,38,9,4,5,1,46,10,5,0,27,0,0,16,13,6,0,8,6,11,1,5,4,8,9,22,34,15,2,5,15,0,0,10,3,5,14,0,12,3,5,1,3,38,6,9,6,3,5,11,0,1,3,0,1,12,1,14,5,3,3,0,0,0,2,0,1,19,19,8,13,23,2,2,2,4,17,9,11,28,3,4,4,13,19,3,2,1,10,0,0,5,0,0,1,0,13,11,14,8,39,20,3,1,3,8,1,2,2,6,4,10,16,8,0,5,9,4,1,32,1,4,22,10,0,0,0,0,2,7,1,13,0,9,0,6,7,14,4,2,2,2,9,2,2,40,4,7,9,0,0,2,0,4,0,13,3,19,4,5,0,6,0,13,0,1,3,25,0,6,2,3,0,24,8,4,1,1,1,4,1,7,0,0,37,0,0,0,1,9,0,3,5,16,0,2,1,5,13,8,5,7,12,1,6,14,0,2,0,13,2,1,14,4,2,0,1,3,8,0,3,2,7,4,5,0,0,0,0,0,1,36,29,13,8,1,10,3,2,1,9,9,1,8,1,0,0,10,22,13,1,1,6,1,4,4,0,5,1,0,8,8,1,8,2,0,7,10,9,11,9,2,1,2,5,6,1,5,7,1,5,8,0,8,4,43,25,11,29,17,8,0,1,0,7,0,2,6,0,8,8,1,5,13,3,3,7,3,17,4,12,12,33,4,8,13,0,5,0
G[C>A]C,4,9,10,61,2,3,15,4,7,20,24,0,0,11,29,8,14,7,10,0,20,0,2,26,8,14,0,1,1,4,23,12,0,1,3,5,0,1,0,4,1,1,8,4,2,6,10,5,7,0,2,5,37,11,10,14,0,14,10,66,0,1,1,0,0,20,6,3,15,0,0,15,4,5,1,5,0,25,8,3,1,3,4,11,5,11,14,11,11,0,3,5,0,18,13,2,2,0,9,9,36,35,34,35,32,28,11,0,4,3,3,3,2,1,1,1,0,0,0,0,0,0,8,7,8,3,2,4,8,8,25,25,30,0,0,8,10,8,10,9,8,1,32,0,1,1,1,1,6,4,1,1,1,1,1,3,4,4,3,2,0,18,1,0,0,0,0,10,6,20,0,3,4,4,24,20,17,43,7,5,21,22,23,11,3,0,0,11,8,3,16,7,0,4,1,9,3,5,0,0,11,2,18,10,0,3,15,1,3,23,3,15,26,37,18,23,29,0,7,0,8,28,2,0,8,13,4,3,36,8,6,16,0,1,0,10,0,1,15,19,25,2,8,8,18,1,0,0,4,1,2,0,20,2,5,14,13,12,2,1,20,5,6,15,0,2,1,9,6,5,5,6,3,0,2,0,0,2,2,0,9,1,6,1,10,2,0,8,1,4,11,2,3,1,2,3,4,2,34,7,5,9,5,55,16,9,0,27,2,0,8,17,2,2,17,3,12,0,12,4,7,8,17,40,32,3,7,14,0,0,8,5,2,18,0,16,4,12,3,0,43,4,5,9,9,11,26,1,3,1,0,6,8,0,17,13,6,2,0,0,1,4,0,0,18,17,4,13,23,2,2,0,4,17,18,12,28,6,6,6,24,27,3,3,2,9,1,0,4,1,0,0,3,21,6,10,14,50,24,5,2,5,15,1,0,6,8,9,5,13,4,1,0,11,4,0,26,2,2,13,4,0,0,0,1,0,12,0,23,0,7,0,5,3,10,4,8,3,3,5,2,4,40,8,5,8,1,5,1,0,4,4,24,5,20,2,9,1,14,2,14,0,1,7,29,0,6,5,2,0,38,4,6,1,3,1,1,7,7,1,5,50,2,1,0,0,20,1,7,7,19,0,1,1,8,16,11,14,6,20,1,6,22,0,5,0,14,0,0,17,2,5,0,1,2,17,0,5,1,5,3,2,1,3,0,0,0,1,44,33,9,15,0,11,1,2,2,6,11,8,8,3,1,0,14,13,11,1,2,9,4,0,5,0,12,0,0,11,9,1,5,0,1,9,18,5,18,12,7,1,1,6,7,1,2,6,0,7,31,0,11,3,55,20,14,42,15,3,0,4,1,7,1,6,4,0,3,10,2,7,8,3,4,11,5,21,3,24,8,33,6,6,5,2,4,3
G[C>A]G,4,5,7,32,4,1,12,6,6,13,8,0,5,4,31,5,6,4,3,0,9,2,0,16,1,10,0,0,1,3,19,6,0,1,2,4,0,3,0,0,0,0,4,2,2,1,4,5,4,0,1,2,18,6,3,8,0,5,15,41,0,0,1,0,0,7,4,2,11,0,0,10,2,4,4,6,0,9,4,4,3,2,2,9,5,8,9,9,3,0,2,4,0,21,7,0,1,0,4,3,16,18,14,16,17,15,8,2,2,2,2,1,0,0,0,0,0,0,0,0,0,0,1,2,3,0,6,3,4,4,19,15,16,1,1,10,13,12,13,13,9,5,25,0,0,0,0,0,5,8,0,0,0,0,0,8,8,9,5,5,0,3,1,1,1,1,1,4,1,12,5,3,8,4,15,15,13,14,5,5,18,11,15,5,4,0,1,4,2,3,3,7,0,4,0,7,1,5,0,1,5,4,5,3,0,4,9,2,3,7,2,7,16,19,9,11,20,0,2,0,6,11,1,0,7,8,1,3,23,6,0,9,0,2,1,6,0,0,6,7,17,0,5,3,13,0,0,0,6,1,0,0,16,3,2,11,10,9,1,1,9,5,5,8,0,3,1,6,6,5,0,3,1,0,4,0,1,0,1,0,4,0,2,4,8,6,0,8,0,2,11,1,2,0,5,5,6,1,24,4,4,11,1,37,9,1,0,26,2,0,9,6,1,2,10,5,9,0,5,5,2,8,17,26,16,6,8,9,0,0,11,8,4,10,0,7,0,4,2,1,33,5,6,7,4,5,18,0,1,0,0,1,7,1,21,7,1,0,1,0,0,2,1,2,18,19,3,7,14,0,0,0,6,9,10,12,26,2,1,1,15,15,4,1,0,8,0,0,1,1,0,1,2,16,1,5,6,34,12,6,0,12,8,0,0,3,4,5,14,11,7,2,1,3,3,0,18,1,2,6,4,0,0,0,3,0,5,0,13,0,6,0,2,4,9,5,7,2,5,0,0,2,25,6,4,5,1,5,2,0,6,0,24,3,10,8,1,0,5,8,9,0,2,4,21,0,4,3,2,0,18,3,4,8,2,0,4,7,7,0,6,29,0,0,1,0,6,0,7,4,9,0,3,0,7,6,10,4,5,12,0,4,15,0,3,0,9,2,0,5,1,9,0,1,9,11,0,4,2,3,2,1,0,0,0,0,0,0,21,27,9,7,1,6,0,1,0,4,12,1,7,0,0,0,14,12,3,2,0,9,2,0,5,1,5,0,0,4,11,0,1,0,0,7,7,11,5,7,4,1,0,2,4,0,1,10,0,8,10,0,4,3,45,8,12,23,9,3,0,3,1,4,1,4,2,0,3,7,3,1,6,2,0,10,0,14,4,11,3,31,2,0,3,0,5,1
G[C>A]T,6,9,6,23,2,5,16,6,7,11,6,1,0,9,18,7,7,2,3,0,11,0,0,18,6,10,1,0,0,1,11,5,0,0,0,4,0,5,0,0,0,1,5,2,0,8,6,7,2,0,1,0,21,6,5,11,2,7,12,29,3,3,1,0,2,12,4,2,11,0,0,5,4,0,2,2,0,12,6,8,1,2,1,9,3,9,8,11,5,1,3,4,1,12,13,0,1,0,5,2,16,16,13,16,18,13,9,0,2,2,2,1,0,0,0,0,1,0,1,1,1,1,2,2,3,0,1,2,3,2,23,16,21,0,0,10,11,11,11,11,9,1,22,0,0,0,0,0,2,3,1,1,1,1,1,4,4,6,5,6,0,7,1,0,1,1,1,7,7,10,1,2,6,7,13,19,9,15,5,4,16,19,13,7,4,2,1,7,1,3,8,5,0,5,0,4,0,4,1,0,4,5,7,3,0,1,13,0,2,8,2,15,13,32,8,10,9,0,4,0,7,13,0,1,2,4,0,4,25,6,0,10,1,0,2,5,1,1,13,15,15,0,9,6,10,2,0,0,2,0,4,0,15,10,4,8,5,6,3,4,4,4,3,11,0,1,4,5,10,2,1,2,1,0,3,0,0,4,1,0,11,0,3,2,8,1,0,3,0,3,11,3,5,0,3,4,2,1,28,8,3,9,4,27,13,2,0,17,2,0,12,10,2,2,7,6,9,0,6,1,0,4,12,34,30,2,4,13,1,0,2,0,2,15,1,8,2,5,0,1,31,6,6,4,4,4,15,0,0,0,0,3,5,1,12,9,3,4,0,0,0,3,0,0,10,8,0,9,17,0,0,0,4,13,18,6,17,2,6,3,9,7,3,3,3,3,1,0,4,0,0,0,1,15,6,10,9,30,12,3,0,2,6,0,0,6,3,4,10,11,3,0,0,6,0,0,14,3,2,5,1,1,0,0,5,2,12,0,12,0,2,0,2,3,4,3,5,1,8,1,1,2,30,6,3,7,1,2,0,0,3,1,15,6,11,1,3,0,7,1,15,0,2,5,20,1,2,1,4,0,23,3,2,1,1,3,4,7,4,0,5,39,1,0,0,0,10,0,3,2,14,1,1,1,7,11,3,6,3,12,0,4,4,1,4,0,9,1,0,5,1,2,0,0,5,6,0,1,0,1,1,1,1,0,1,1,1,0,20,21,4,13,1,7,1,0,1,4,9,2,8,0,0,0,10,9,8,0,1,4,3,0,0,0,4,0,1,5,6,0,3,1,0,6,6,5,9,7,1,0,0,4,1,0,2,10,0,2,9,0,11,1,48,14,8,23,4,3,0,2,1,4,1,3,2,0,8,6,1,1,9,3,0,3,0,16,3,12,5,18,3,2,6,0,1,4
T[C>A]A,5,7,7,55,2,7,15,7,2,20,20,2,5,10,25,8,6,10,7,0,13,1,0,19,5,14,1,0,2,1,20,12,0,2,4,4,0,2,0,2,2,0,8,1,1,12,8,4,4,0,3,4,27,6,4,26,0,7,20,63,3,3,0,1,2,21,6,5,17,0,0,15,5,1,2,5,0,17,13,13,0,2,1,10,12,10,5,16,5,1,2,6,2,24,10,2,4,1,9,8,17,19,16,17,19,19,11,1,4,4,5,4,0,0,0,0,0,0,0,0,0,0,10,8,8,5,3,1,3,3,23,25,26,1,0,9,10,10,11,11,8,5,21,0,0,0,0,0,9,4,2,1,2,2,2,5,5,6,4,4,0,5,1,1,1,1,1,2,7,7,0,2,8,3,13,14,14,27,4,4,21,19,16,9,4,1,1,11,2,1,8,9,0,4,1,8,2,1,0,0,9,9,9,6,1,2,8,1,1,24,0,15,19,25,16,23,21,0,5,3,8,16,3,0,7,8,2,1,35,7,0,11,2,2,2,9,2,1,13,18,24,1,5,6,8,1,0,1,4,1,1,2,17,11,4,10,8,7,3,2,8,2,2,8,0,2,1,8,10,3,0,4,0,0,4,0,0,6,2,0,8,0,3,5,6,6,0,10,2,5,9,5,7,2,7,3,0,3,33,7,6,6,4,54,15,5,0,32,1,0,10,13,2,0,8,2,12,0,6,7,4,8,14,31,31,1,10,11,2,0,2,1,1,15,0,3,0,9,5,0,40,9,6,3,4,30,9,0,5,1,1,1,14,1,19,14,3,3,0,1,1,3,4,0,20,17,8,18,15,0,0,1,2,16,14,6,31,6,4,5,24,28,1,2,2,8,1,0,4,2,0,0,3,16,3,8,10,41,21,3,1,7,18,0,2,6,3,5,8,15,11,3,2,4,1,1,27,2,3,16,4,0,0,0,1,2,13,0,17,0,8,0,7,5,11,5,2,7,12,2,0,3,38,8,2,9,0,6,2,0,6,0,26,2,12,3,11,0,12,4,18,1,1,7,40,6,5,6,5,2,31,7,5,5,1,0,7,13,6,1,3,45,0,0,1,1,17,0,11,4,18,0,2,1,11,13,4,15,10,16,0,4,13,5,5,1,12,4,1,11,3,3,1,1,8,16,0,3,2,11,6,2,0,0,2,5,5,2,26,26,11,15,9,8,4,0,3,9,11,1,7,2,0,2,6,9,6,2,1,13,4,0,2,0,4,2,0,6,10,0,5,4,0,4,8,10,12,13,2,0,1,1,6,0,1,13,0,4,18,0,8,1,66,18,8,36,13,5,0,5,1,10,2,0,1,0,8,4,1,4,10,3,0,10,0,29,6,11,24,31,2,4,4,0,3,2
T[C>A]C,11,16,7,75,3,3,16,9,10,27,28,1,3,16,44,12,12,11,7,4,36,0,2,41,8,17,0,1,3,4,26,10,1,3,2,5,0,8,0,4,0,2,8,2,2,19,11,6,13,0,2,2,33,20,14,31,2,21,24,93,3,8,1,1,0,26,6,5,27,0,0,16,4,1,6,5,0,21,13,9,3,6,0,21,3,10,16,32,10,0,2,8,1,39,18,1,2,0,10,9,33,26,25,29,32,29,16,0,6,7,6,5,1,1,1,1,1,1,1,1,1,1,14,16,16,8,4,5,10,11,51,59,51,0,0,17,20,19,21,20,13,2,49,2,2,2,2,2,10,26,0,0,0,0,0,8,9,9,7,8,0,7,1,1,1,2,1,9,10,16,4,15,7,12,23,19,18,59,8,8,41,33,25,12,7,3,1,13,3,5,14,16,0,15,0,12,5,7,1,0,12,13,25,12,1,5,19,1,6,20,6,26,38,51,9,37,35,0,4,3,14,35,2,0,10,14,3,10,52,14,6,18,0,5,1,15,2,3,18,25,38,1,7,12,27,0,0,1,12,1,2,0,27,14,2,25,12,12,5,4,12,5,5,18,0,5,4,12,16,6,2,10,2,0,4,0,1,3,2,0,19,0,4,8,10,6,0,14,2,4,16,2,2,1,6,0,10,4,50,13,5,11,4,58,30,11,0,58,2,1,18,12,9,4,13,3,17,1,11,9,6,12,37,56,39,11,10,23,2,0,13,9,5,21,1,23,1,22,2,2,54,13,7,10,15,20,35,2,1,0,0,1,19,0,32,11,5,6,3,0,3,3,2,1,27,25,5,18,24,2,2,2,8,18,18,15,67,9,8,9,29,32,2,3,3,15,1,0,7,1,1,1,4,31,12,19,30,65,25,14,2,13,27,1,4,14,18,6,14,23,9,1,4,8,1,1,51,3,5,15,6,0,0,0,8,0,19,0,29,0,11,1,7,15,9,9,7,4,7,8,1,7,49,6,7,9,0,3,2,0,10,2,27,4,26,4,11,0,20,4,31,0,3,11,46,1,8,5,8,0,33,10,8,8,0,2,9,10,13,0,4,77,3,0,2,1,25,2,4,7,18,0,5,0,11,16,17,10,10,20,1,21,22,5,10,4,16,1,3,23,5,8,0,1,10,23,0,5,1,8,2,3,3,0,1,2,1,1,33,49,16,13,6,14,0,3,1,17,28,2,13,4,0,0,21,20,14,3,1,12,4,0,4,1,11,1,1,6,14,1,11,3,2,10,22,14,15,17,8,2,2,2,7,1,4,14,0,15,31,1,11,1,68,34,31,65,24,7,2,8,1,17,0,4,2,0,14,10,2,1,21,4,3,14,3,31,5,14,14,43,7,4,13,0,6,8
T[C>A]G,3,5,2,34,2,0,4,3,5,9,9,1,1,3,12,2,3,6,1,0,11,0,1,11,2,9,0,0,1,3,8,8,0,0,0,2,0,3,0,1,0,0,3,2,4,8,7,0,4,0,1,3,20,5,4,13,1,9,9,32,0,1,1,0,1,7,2,0,13,0,0,8,1,1,1,0,0,3,4,6,0,2,0,5,3,6,2,7,2,0,1,3,0,15,8,1,0,0,3,2,13,9,11,11,12,10,4,0,1,1,0,1,0,0,0,0,0,0,0,0,0,0,3,3,4,2,3,0,1,1,12,12,12,0,0,4,5,4,5,4,4,1,11,0,0,0,0,0,2,1,0,1,1,1,1,1,2,4,1,2,0,6,2,2,1,1,1,0,6,7,3,1,5,4,9,8,6,17,4,3,10,10,9,4,2,1,0,5,0,1,5,2,1,2,0,1,3,2,0,0,7,0,5,3,1,0,5,0,5,7,1,8,11,15,2,9,5,0,2,0,8,17,0,0,4,6,1,4,22,6,2,3,0,1,0,6,1,1,15,17,10,0,3,1,5,0,0,1,1,0,0,0,4,4,0,2,6,6,0,0,7,2,2,5,1,2,1,1,9,4,2,1,0,0,1,0,0,2,2,0,3,0,1,2,7,1,1,4,0,1,4,2,1,0,3,1,2,1,21,6,3,3,3,17,4,1,1,21,3,0,5,6,4,1,6,0,5,0,6,1,2,3,7,17,9,2,3,4,0,0,1,4,0,9,0,7,0,6,3,0,17,6,8,2,0,7,8,0,4,0,0,0,10,1,13,7,1,1,0,0,0,0,1,1,13,12,0,7,11,0,0,0,0,12,7,4,27,6,6,6,14,15,0,2,1,3,0,0,1,0,0,2,2,5,4,7,5,29,15,1,1,4,1,1,0,2,3,3,5,7,4,1,1,5,0,3,11,1,2,7,2,0,0,0,1,0,3,0,10,0,7,0,2,2,2,4,2,2,4,3,0,3,17,2,5,3,2,2,0,0,4,2,13,4,8,3,2,0,0,1,7,0,2,6,14,0,7,3,4,0,15,4,2,1,1,0,1,2,4,0,4,23,0,0,1,0,6,0,2,4,8,0,1,0,3,11,0,2,5,4,1,3,12,3,5,0,9,1,1,5,1,1,0,1,7,4,0,0,1,3,2,3,0,2,0,0,0,0,16,13,5,10,0,10,0,0,0,3,7,2,6,3,0,0,4,4,11,1,1,3,2,0,3,0,2,0,0,2,3,0,4,0,0,6,11,7,4,8,8,1,0,2,2,1,2,5,0,7,7,0,7,1,37,10,2,15,8,3,1,4,1,3,1,2,1,0,8,7,0,2,5,1,2,7,1,4,2,8,4,14,0,3,4,0,2,3
T[C>A]T,8,5,8,57,2,5,13,5,6,28,29,0,5,8,31,5,14,3,10,0,20,1,0,33,6,18,0,1,0,5,29,8,1,0,4,7,0,3,0,3,1,2,7,3,2,14,13,3,14,0,6,6,37,12,11,20,0,18,15,74,1,5,1,1,0,15,4,2,19,0,1,16,1,1,2,5,0,13,7,8,2,3,2,19,11,8,10,12,9,0,7,8,4,19,16,0,1,1,8,8,41,42,40,41,42,38,11,0,4,5,3,4,0,0,1,0,0,0,0,0,0,0,14,15,18,8,1,4,11,10,41,39,38,2,2,13,14,13,14,14,8,1,27,0,0,0,0,0,4,9,0,0,0,0,0,5,3,4,4,6,0,8,2,1,2,1,1,2,12,15,0,3,5,6,16,12,8,37,4,3,24,20,8,3,2,1,1,9,3,1,7,8,0,5,0,5,1,6,2,0,9,1,14,6,2,2,10,0,1,11,4,17,17,43,10,26,21,0,4,0,7,28,1,0,7,12,1,5,35,9,2,19,0,1,0,8,1,1,14,15,24,2,7,5,20,0,1,0,6,1,0,1,20,9,2,22,13,12,4,4,9,6,7,11,0,6,1,12,10,4,1,2,1,0,0,0,0,0,2,2,22,0,7,5,9,3,1,6,2,5,7,3,1,2,2,2,0,6,38,12,7,13,1,39,14,3,0,40,2,0,14,21,4,4,8,2,18,2,13,5,6,6,23,47,27,7,10,17,2,0,5,3,2,16,0,13,0,11,3,0,44,9,5,5,7,14,22,0,0,0,1,1,13,1,26,13,6,1,0,3,0,3,2,1,17,17,1,10,14,0,1,1,4,13,15,14,33,5,4,4,22,26,1,4,4,6,0,0,10,2,2,2,1,26,6,10,18,43,25,3,0,6,16,0,4,11,9,2,12,18,2,0,1,7,3,2,34,1,7,15,4,0,0,2,2,0,16,0,14,0,2,0,7,3,6,10,5,1,5,4,3,2,53,11,10,8,1,4,0,0,6,3,23,3,14,1,7,2,13,4,19,0,1,10,23,0,7,5,2,0,21,7,6,4,2,1,4,4,6,0,7,43,2,0,1,1,17,1,10,1,17,0,4,0,8,11,12,6,9,14,3,6,15,0,10,2,21,5,1,14,5,3,0,0,10,17,0,1,4,8,5,3,2,0,5,5,6,2,42,29,12,17,5,18,1,1,2,11,16,3,4,5,2,0,12,11,7,4,0,4,5,2,1,0,3,2,0,4,18,0,9,1,0,9,10,14,8,11,6,2,5,4,5,0,0,7,0,6,6,1,10,5,57,15,14,56,16,12,0,3,1,11,2,4,3,0,6,5,2,1,10,3,1,10,2,16,5,11,14,40,3,3,11,0,1,4
A[C>G]A,2,3,0,4,0,0,0,2,0,11,7,0,0,3,11,0,2,1,1,0,3,0,1,11,3,5,0,1,0,0,1,4,1,0,1,2,0,0,0,1,0,0,3,0,0,3,2,1,4,0,1,0,6,4,1,3,1,4,3,8,0,0,1,0,0,4,1,1,10,1,0,4,0,1,5,2,0,2,4,2,0,2,0,2,3,5,4,3,2,0,0,2,0,5,1,0,0,0,0,1,3,2,2,1,3,1,4,0,0,0,0,0,0,0,0,0,0,0,0,0,0,0,4,3,4,2,2,0,1,1,7,6,7,0,0,2,2,2,2,2,2,0,6,0,0,0,0,0,3,2,0,0,0,0,0,0,0,1,0,0,0,2,0,0,0,1,1,0,0,5,0,0,1,3,4,3,4,7,2,1,6,1,4,0,0,0,1,9,1,0,3,1,1,1,0,1,1,0,0,0,2,0,4,1,0,1,6,0,1,1,1,4,4,8,2,1,2,0,2,1,1,7,1,0,3,6,0,1,7,2,0,3,1,0,0,4,1,0,2,3,8,0,2,4,3,1,0,1,5,0,1,0,4,5,1,8,3,2,0,0,5,0,0,7,0,1,0,3,2,1,0,0,0,1,1,0,0,1,1,0,2,0,4,0,5,1,0,4,0,1,1,2,1,1,1,0,1,0,9,1,2,1,1,10,6,1,0,6,1,0,4,4,4,0,3,1,2,0,1,0,1,2,4,3,5,2,3,2,0,0,1,1,3,1,0,1,0,2,0,0,7,3,1,2,0,4,7,0,2,1,1,0,1,0,5,1,0,2,1,1,0,0,1,0,3,3,1,2,6,0,0,0,1,2,4,3,7,1,3,3,3,5,1,1,1,6,0,0,2,0,0,0,0,2,0,3,2,5,9,2,2,5,3,0,0,1,2,0,2,3,3,0,0,2,0,0,11,0,0,1,0,0,0,2,0,0,3,0,2,0,2,0,3,1,1,5,2,0,2,0,1,1,13,0,2,2,0,1,2,0,1,1,4,0,6,2,2,0,1,1,5,0,0,1,10,0,1,1,2,0,7,0,3,2,1,1,1,2,1,0,0,7,0,0,0,0,4,2,0,0,3,0,1,0,6,4,2,2,2,1,0,0,7,0,2,1,3,0,1,4,1,2,0,0,3,4,0,2,0,0,0,0,1,0,1,2,2,1,8,8,1,2,0,1,0,1,0,1,3,1,2,2,0,0,1,3,2,1,0,2,1,0,0,1,1,0,1,2,3,0,1,0,0,1,1,3,3,1,1,0,0,1,2,0,1,2,0,1,2,0,1,1,8,6,2,11,6,3,0,1,1,2,0,0,1,0,4,1,0,2,1,0,2,1,1,4,2,1,0,5,0,0,2,0,2,0
A[C>G]C,0,2,2,8,0,2,1,1,1,5,3,2,1,2,2,0,1,1,0,0,4,0,0,4,1,3,0,0,0,1,2,1,0,0,1,2,0,2,0,0,0,0,1,1,0,2,2,3,3,0,1,1,3,3,3,1,0,2,2,9,0,0,0,2,1,4,1,0,2,0,2,0,0,0,2,1,0,4,2,1,0,1,0,4,0,3,2,3,0,0,0,1,2,3,2,0,0,0,0,0,4,4,4,4,4,4,0,0,1,1,1,1,0,0,0,0,0,0,1,1,1,0,2,1,2,0,2,2,1,1,2,4,4,0,0,2,2,2,2,1,1,0,3,0,0,0,0,0,2,1,0,0,1,1,1,0,0,0,0,0,0,0,0,0,0,0,0,2,2,2,1,1,2,1,0,3,3,2,1,1,3,5,1,0,0,0,1,1,1,0,2,2,0,1,0,1,2,0,1,0,0,0,2,1,0,2,3,1,0,1,0,4,0,3,0,3,5,0,0,1,0,4,0,0,1,4,0,0,8,4,0,4,1,1,2,6,0,1,1,2,4,1,0,2,1,1,0,0,1,0,0,0,4,1,1,1,6,5,0,1,1,1,1,1,0,0,1,2,0,0,1,0,0,0,1,0,0,0,0,1,0,0,2,3,2,1,0,5,1,0,1,1,1,0,0,1,0,0,6,1,1,0,0,7,1,1,0,4,0,0,0,2,0,0,3,0,1,0,0,0,1,2,3,5,9,0,1,5,1,0,4,3,1,1,0,4,0,2,1,0,4,2,1,1,1,0,3,1,1,0,0,0,1,0,1,1,1,1,1,0,0,1,0,0,1,0,0,2,2,0,0,0,0,1,2,4,7,0,0,0,7,7,0,2,2,1,0,0,1,0,0,1,4,2,0,5,1,6,4,0,0,6,1,0,1,0,1,2,1,2,1,1,0,5,0,1,4,3,0,2,0,0,0,2,1,0,1,0,1,0,0,0,2,0,1,0,1,1,1,0,0,1,9,1,2,2,0,2,0,2,1,0,4,0,9,2,2,0,0,0,7,0,0,2,3,0,3,1,2,0,5,1,3,1,0,0,1,1,1,0,1,4,0,0,1,0,4,0,3,1,2,0,0,0,0,1,3,0,0,0,0,2,2,1,1,0,3,0,3,6,1,1,1,0,1,2,0,0,0,1,1,1,0,0,1,1,1,1,4,3,5,1,0,1,0,0,0,3,3,0,0,0,0,1,1,1,0,2,0,1,1,0,2,0,2,0,0,0,2,0,1,0,0,0,3,0,1,3,0,0,3,0,3,0,1,2,0,0,2,1,2,1,10,5,2,6,5,2,0,0,0,0,0,2,0,0,1,0,0,4,0,1,1,0,0,3,0,1,2,2,0,0,1,0,0,1
A[C>G]G,1,1,3,3,2,0,3,1,1,5,4,1,1,2,4,0,1,0,0,0,2,0,0,4,1,2,0,0,0,1,1,1,1,0,1,1,0,3,0,0,0,0,0,0,0,2,1,0,0,0,1,0,4,1,1,1,1,4,1,5,0,0,1,0,0,4,0,2,2,0,0,0,0,0,1,0,0,1,0,1,1,0,0,1,1,0,4,0,0,0,0,2,0,7,0,0,0,0,1,0,4,4,3,4,4,5,0,0,0,0,0,0,0,0,0,0,0,0,0,0,0,0,1,1,1,1,0,0,2,2,0,0,0,0,0,2,2,2,2,2,2,0,2,0,0,0,0,0,1,0,0,0,0,0,0,0,0,0,0,0,0,1,0,0,0,0,0,0,0,2,0,1,2,0,1,4,2,4,0,1,5,5,3,0,0,0,0,1,0,0,3,0,0,2,0,0,1,0,0,0,0,0,0,0,0,0,2,0,0,1,1,1,0,5,4,2,1,0,0,0,0,1,1,0,1,1,0,0,3,0,0,0,0,0,0,0,0,0,2,1,3,0,1,3,2,0,1,0,0,0,0,0,4,1,1,2,2,3,0,0,0,0,0,0,0,0,0,0,2,0,0,0,0,0,1,0,0,1,0,0,0,0,0,0,0,1,0,2,0,0,0,1,1,0,0,0,2,0,2,0,0,1,1,5,2,2,0,3,0,0,0,1,1,0,0,2,2,0,1,0,0,0,8,5,2,1,1,0,1,0,1,0,0,0,0,4,0,0,0,0,3,1,0,0,1,2,2,1,0,0,0,1,1,0,2,1,2,1,1,1,0,0,0,0,4,4,0,0,3,0,0,0,0,3,0,3,2,1,1,1,6,9,0,1,1,1,0,0,0,1,0,0,0,2,2,2,2,6,0,0,0,1,0,0,1,1,0,0,2,2,1,0,0,1,1,0,3,0,0,0,0,0,0,0,0,0,0,0,0,0,2,0,0,0,1,1,1,0,0,1,0,1,1,0,0,0,0,1,1,0,0,0,2,1,1,0,0,0,2,0,5,0,0,0,3,0,0,1,2,0,1,1,1,0,0,0,0,3,2,1,0,5,0,0,0,0,0,0,1,1,1,0,0,0,1,2,2,2,0,5,0,1,1,0,1,0,1,0,0,4,0,0,0,0,0,1,0,0,0,1,0,0,1,0,0,0,0,0,5,3,2,2,0,2,0,0,0,1,2,0,0,0,0,0,2,0,0,0,0,0,1,0,1,0,0,0,0,1,1,0,0,0,0,0,0,1,0,0,1,0,0,1,1,0,0,0,0,0,1,0,1,0,5,3,1,8,1,2,0,0,0,1,0,0,0,0,0,1,0,1,3,0,2,0,0,4,0,1,1,4,0,0,0,0,0,0
A[C>G]T,1,0,2,7,0,0,1,0,3,4,4,0,0,1,4,0,0,1,1,0,5,0,0,4,1,2,0,0,0,1,1,0,0,0,0,2,0,1,0,1,1,0,0,0,0,2,2,2,0,0,2,0,4,5,1,4,0,3,4,9,0,0,0,0,1,4,1,1,7,1,0,1,0,0,1,1,0,5,3,3,0,2,0,2,2,1,4,1,0,0,1,0,1,1,3,0,0,0,0,1,6,7,5,5,5,3,2,0,0,0,0,0,0,0,0,0,0,0,0,0,0,0,3,2,3,2,1,1,1,2,7,10,10,0,0,0,0,0,0,0,0,1,4,0,0,0,0,0,1,0,0,0,0,0,0,1,1,1,0,1,0,1,0,1,0,1,1,0,0,0,0,1,4,2,3,0,2,1,1,2,1,4,1,0,1,0,0,2,0,0,2,0,0,0,0,1,1,0,1,0,2,2,2,1,0,0,3,1,0,2,1,2,1,6,0,0,1,0,0,0,2,7,0,0,3,6,0,1,4,4,1,2,0,0,1,4,1,0,3,3,5,0,1,2,1,1,0,0,1,0,0,0,6,2,0,2,3,2,0,0,1,2,2,0,0,0,2,2,1,1,0,3,0,1,0,0,0,2,1,0,5,0,1,1,3,1,0,1,0,1,2,1,0,2,0,0,0,0,6,0,1,1,1,9,3,1,0,5,1,0,0,3,1,0,2,0,3,0,1,3,3,0,0,8,6,1,1,0,0,0,1,1,0,2,0,7,0,1,0,0,3,2,0,0,0,2,0,0,0,2,0,0,2,0,4,3,2,0,0,0,0,0,0,1,1,2,2,0,3,0,0,1,0,3,1,3,3,0,1,1,6,8,0,1,1,0,1,0,0,0,1,0,2,6,0,0,3,4,2,2,0,3,5,0,0,1,2,0,2,4,0,0,0,2,0,3,5,1,1,0,1,0,0,1,2,0,1,0,4,0,1,0,2,0,2,2,2,0,3,0,1,0,7,1,2,1,0,0,0,0,0,2,0,1,4,0,1,0,1,0,3,0,0,1,3,1,1,0,1,0,1,0,0,1,0,0,0,1,3,1,1,5,0,1,0,0,1,1,1,1,1,0,0,0,1,2,2,0,1,4,0,1,5,0,3,0,3,0,0,6,0,2,0,0,1,0,0,0,3,2,0,0,0,1,1,1,1,0,11,2,1,3,0,3,0,0,0,1,1,0,0,0,0,0,1,1,4,0,0,1,0,0,1,0,0,0,0,0,0,0,1,0,0,1,2,1,2,0,0,1,0,2,4,0,0,2,0,2,1,1,2,0,5,4,2,7,2,2,0,0,0,0,0,0,0,0,3,0,0,2,2,0,1,2,0,3,0,3,0,4,0,0,0,0,1,0
C[C>G]A,3,4,12,19,0,1,4,0,0,5,2,0,2,6,12,2,5,0,1,0,7,0,0,5,3,5,0,0,2,1,2,1,0,1,1,1,0,0,0,2,0,0,2,1,0,4,2,0,0,0,0,0,8,2,3,3,0,7,10,22,1,2,1,1,0,5,0,0,3,1,0,5,1,2,1,3,0,6,0,1,1,3,3,0,3,2,5,3,2,0,0,2,1,4,6,1,0,0,0,0,11,9,9,10,10,8,6,0,1,1,1,1,0,0,0,0,0,0,0,0,0,0,9,9,8,7,1,1,3,3,6,5,5,0,0,2,2,2,2,2,0,0,2,1,2,2,2,2,1,4,0,0,0,0,0,1,1,1,0,1,0,3,1,1,1,1,0,1,6,3,2,0,3,1,4,4,3,13,3,2,8,2,3,1,3,0,1,3,1,0,2,0,0,2,0,3,1,2,0,1,2,1,4,4,1,0,2,0,1,3,1,5,7,7,3,2,6,0,2,1,0,4,0,0,3,5,0,1,13,1,0,4,0,1,1,6,1,0,3,2,4,0,3,3,4,3,0,0,2,1,0,0,6,1,0,3,3,3,1,1,2,2,3,3,0,1,3,5,2,1,0,2,2,2,0,0,1,4,0,0,3,0,1,0,2,0,0,5,2,2,4,2,0,0,0,0,1,0,7,2,1,4,4,17,7,0,0,8,0,0,3,7,2,0,4,0,6,0,5,2,0,1,1,7,15,4,0,2,0,0,2,4,1,1,0,3,0,4,3,0,14,6,1,3,2,6,11,0,1,0,0,0,3,1,3,0,0,0,0,1,0,2,1,1,6,6,3,2,5,1,1,0,2,2,8,3,8,1,3,3,8,9,0,1,1,4,0,0,0,0,1,0,0,6,2,3,3,10,7,2,0,1,5,0,0,2,2,1,6,4,1,0,0,2,4,0,12,1,1,3,1,0,0,0,1,1,2,0,9,0,0,0,2,3,2,2,1,0,1,0,0,2,13,1,2,4,0,0,1,0,2,1,10,3,4,0,2,0,4,2,11,0,0,5,7,0,0,5,4,0,6,2,3,1,1,0,0,3,0,0,2,9,1,1,0,0,8,0,1,0,4,0,0,1,4,6,2,2,0,6,0,3,3,1,0,0,3,0,2,7,1,4,0,0,3,2,0,0,0,4,2,1,0,1,1,1,1,2,5,11,5,0,0,6,1,3,2,5,5,0,1,0,0,0,3,2,1,0,0,1,3,0,0,0,3,1,1,0,2,0,1,0,0,1,2,4,3,4,0,0,1,0,3,0,1,5,0,2,3,0,1,0,18,5,4,14,2,2,1,0,0,2,0,3,0,0,4,1,1,1,4,0,0,1,1,6,0,7,2,11,3,2,4,0,1,1
C[C>G]C,0,1,1,11,2,0,2,0,3,6,6,0,0,2,3,0,4,0,3,1,5,0,0,1,3,1,0,0,0,3,5,2,0,0,1,3,0,1,1,1,0,0,2,1,0,1,1,2,0,0,0,1,9,4,0,7,2,7,3,14,0,0,1,1,2,2,0,2,6,0,0,1,1,1,1,4,0,6,2,4,0,0,1,1,2,3,1,2,2,0,0,1,1,6,7,1,0,0,1,1,6,4,3,3,5,3,3,1,1,1,1,1,0,0,1,0,0,0,1,0,0,0,3,3,3,3,1,0,3,3,7,9,8,1,1,2,2,2,2,2,2,1,7,0,0,0,0,0,1,4,0,0,0,0,0,1,1,0,0,1,0,1,0,0,1,0,0,1,0,2,2,0,2,1,4,5,4,8,2,1,5,5,10,2,1,0,0,3,0,1,5,2,0,1,1,2,0,1,0,0,4,2,2,1,0,0,3,0,1,2,0,1,3,10,1,5,4,0,1,1,2,10,0,0,3,5,1,0,6,0,0,4,1,0,0,1,0,0,2,2,4,0,0,0,2,1,1,0,0,0,3,1,4,2,2,3,4,4,2,1,4,2,2,3,1,1,1,0,8,0,0,0,2,0,0,0,0,0,0,1,5,0,0,1,1,0,0,5,0,0,6,2,2,0,0,0,1,0,12,4,2,3,0,15,4,1,0,12,1,0,1,3,0,0,3,4,3,0,1,0,0,4,3,4,10,1,3,3,1,0,0,3,3,3,0,1,2,3,1,0,9,2,2,4,3,0,3,0,1,0,0,0,3,0,8,3,1,0,0,0,0,0,0,1,5,3,1,2,3,1,1,0,0,2,2,4,13,0,1,1,7,8,0,0,0,0,0,0,1,0,0,0,1,4,4,4,3,12,2,0,1,1,3,0,0,0,4,1,2,2,5,2,2,1,1,0,10,1,1,3,4,1,0,0,0,0,1,0,5,0,2,0,1,2,1,5,2,0,4,1,0,0,10,1,2,2,0,1,0,0,4,0,7,3,9,0,0,1,1,1,8,0,1,4,6,1,3,0,0,0,3,2,0,2,1,0,3,2,2,1,2,9,2,0,1,1,3,1,1,2,2,0,1,0,4,6,2,4,1,1,0,5,6,0,5,0,0,0,0,8,2,1,0,1,3,3,0,1,0,1,1,0,0,0,0,0,0,1,6,6,4,0,1,5,0,0,0,1,6,2,0,1,0,0,5,5,3,0,0,0,2,0,1,0,1,0,0,1,3,0,0,0,0,2,4,4,6,4,2,0,1,0,2,0,0,1,0,0,6,0,4,0,15,6,3,5,3,3,1,0,1,2,0,1,0,0,4,4,2,0,6,0,1,1,0,4,1,2,1,8,0,1,0,0,0,0
C[C>G]G,2,0,4,7,1,2,3,1,1,1,3,0,1,1,5,0,2,2,2,0,3,0,0,5,0,3,0,0,0,0,3,3,0,0,0,1,0,1,0,0,0,0,1,1,0,9,1,2,0,0,1,1,6,2,0,4,0,1,2,6,1,0,1,0,0,1,0,0,3,0,1,3,0,2,0,1,0,1,2,3,0,0,0,1,3,2,1,2,1,0,0,1,0,9,3,1,1,0,1,0,7,7,2,7,9,5,0,0,0,0,0,0,0,0,0,0,0,0,0,0,0,0,3,2,2,1,1,0,4,4,4,4,3,0,0,0,0,0,0,0,0,0,8,0,0,0,0,0,2,1,0,0,0,0,0,0,0,0,0,0,0,1,0,0,0,0,0,1,1,1,0,1,0,0,1,3,2,5,1,1,5,1,6,2,3,1,0,4,1,2,1,0,0,0,0,2,0,3,0,0,0,0,2,0,0,0,4,0,1,3,1,1,5,10,4,2,4,0,0,0,1,4,1,0,1,4,0,1,8,0,0,3,0,1,1,0,0,1,5,5,4,0,1,5,4,1,1,0,1,1,0,0,3,1,2,4,4,4,1,0,1,1,0,2,0,1,0,0,2,2,0,1,0,0,0,0,0,0,0,0,3,0,0,0,2,1,0,0,0,0,2,0,0,0,0,1,1,0,5,2,2,2,3,10,2,1,0,5,0,0,3,1,0,0,2,2,1,0,1,0,0,1,4,14,5,1,1,0,0,0,0,2,0,2,0,2,0,1,0,0,11,1,1,0,1,3,6,0,0,0,0,0,3,0,9,2,1,2,0,0,0,1,1,0,3,4,2,2,2,0,0,0,1,2,4,4,10,0,1,1,7,7,0,0,0,1,0,1,0,1,0,0,0,2,2,1,1,7,4,0,0,1,0,0,0,0,3,3,4,3,4,0,0,0,2,0,9,0,2,2,1,0,0,0,1,0,1,0,1,0,2,0,1,1,3,2,3,0,4,0,0,0,16,2,2,1,0,0,0,0,2,0,4,0,5,1,2,0,0,0,9,0,1,1,4,0,2,0,1,1,4,2,0,1,1,0,0,1,1,0,1,6,1,0,1,0,0,0,0,2,3,0,2,0,2,4,1,0,1,2,0,2,7,0,4,1,4,0,0,4,0,0,0,0,2,1,0,1,0,1,0,0,0,0,0,0,0,0,7,9,2,1,1,2,0,0,1,1,2,0,2,2,1,0,2,2,1,0,0,1,0,1,1,0,0,0,0,1,0,0,2,2,0,1,3,3,3,5,0,0,0,0,1,0,0,1,1,1,5,0,0,0,14,1,5,3,2,0,0,1,0,3,1,1,1,0,0,0,1,0,6,1,2,1,0,6,1,1,3,3,0,1,2,0,2,0
C[C>G]T,1,3,0,11,1,3,4,0,2,8,5,1,0,2,16,1,4,3,3,1,2,1,0,6,2,2,0,0,1,1,5,2,0,1,1,1,0,2,1,1,1,0,2,1,0,5,0,5,1,0,0,3,7,3,2,4,1,5,5,13,1,1,1,0,2,6,1,1,8,1,1,6,2,2,1,4,0,5,8,3,3,0,1,0,2,1,3,4,2,0,1,3,2,2,2,3,0,0,2,2,6,6,6,9,7,6,5,2,0,0,0,1,0,0,0,0,1,1,1,1,1,1,4,3,3,1,2,2,4,4,5,5,2,0,0,4,3,3,4,3,2,0,7,0,1,0,0,0,2,1,1,1,1,1,1,1,1,1,0,0,0,2,1,1,1,1,0,2,1,2,0,1,3,1,6,5,6,5,4,1,5,8,5,1,1,0,0,3,2,2,7,1,1,3,0,0,2,1,0,0,4,2,7,2,1,0,5,0,0,0,0,4,5,7,1,4,3,0,0,0,3,11,0,0,2,3,1,3,9,3,0,1,1,1,0,7,0,0,4,5,7,4,1,5,3,0,0,0,4,0,2,0,8,1,1,5,5,5,0,0,2,2,1,0,0,2,1,0,4,2,0,0,0,0,0,0,0,3,1,0,5,0,2,2,1,1,0,3,0,3,3,1,1,2,0,0,2,1,15,2,3,1,0,15,7,0,0,10,0,0,4,4,1,0,2,1,0,0,2,3,0,3,3,7,9,0,2,3,0,0,1,3,0,3,0,6,0,1,3,0,3,6,1,1,0,5,4,0,3,0,0,0,6,0,11,4,1,0,0,0,0,0,2,1,3,3,2,1,1,0,0,1,3,5,3,4,8,1,1,1,6,7,1,1,1,2,0,0,0,1,1,1,1,4,3,6,3,12,11,1,0,2,1,0,0,0,1,1,3,5,1,0,3,2,1,0,7,1,1,3,4,0,0,1,1,1,7,0,11,0,4,0,1,1,5,7,1,2,2,0,1,1,13,2,1,4,2,2,1,1,0,1,5,2,8,3,2,0,3,2,3,0,0,2,12,0,1,3,2,0,7,1,2,0,0,0,1,2,0,0,0,11,0,0,0,1,2,0,4,0,5,0,1,0,6,3,1,0,3,6,1,3,3,0,4,0,5,0,0,7,2,1,0,0,3,4,0,2,1,7,4,2,1,0,0,0,0,1,10,7,1,3,0,3,1,0,0,2,2,0,1,1,0,0,0,3,7,1,0,0,2,0,0,0,3,0,1,0,1,1,1,4,0,0,6,4,3,5,5,1,2,2,3,1,0,4,0,7,6,0,3,0,13,7,5,8,5,2,1,3,1,2,0,2,1,1,3,2,1,2,2,2,1,2,0,8,0,3,2,3,0,0,2,0,2,0
G[C>G]A,1,0,1,11,0,4,4,0,2,6,2,0,1,0,4,2,1,2,1,3,2,0,0,10,1,3,0,0,0,1,3,0,0,0,0,0,0,4,0,0,0,0,1,2,0,3,1,2,0,0,0,0,4,0,3,6,1,2,3,15,0,0,0,0,0,1,0,1,5,0,1,3,0,2,0,1,0,3,2,0,1,0,1,3,4,2,6,3,3,0,2,3,1,3,3,0,0,0,0,0,4,3,3,2,3,2,0,0,0,0,0,0,3,2,2,2,0,0,0,0,0,0,0,0,0,0,2,0,2,2,0,3,2,1,1,1,1,1,1,1,1,0,1,0,0,0,0,0,1,2,0,0,0,0,0,1,1,1,1,1,0,2,1,1,1,1,0,1,0,1,0,0,1,4,1,3,1,4,0,0,1,5,1,3,1,0,1,3,0,1,0,0,1,1,0,0,1,0,0,0,1,0,6,0,1,1,1,0,3,4,0,3,4,6,4,3,1,0,1,1,2,5,0,0,4,5,1,0,5,2,0,0,0,0,1,2,0,0,2,1,5,0,1,1,2,1,0,0,2,1,0,0,8,2,0,7,4,4,1,1,1,1,0,0,0,1,0,2,6,2,0,1,0,0,0,0,0,0,1,0,5,0,0,2,8,0,0,2,0,1,3,1,1,1,2,1,2,0,9,1,1,2,1,8,5,1,0,5,0,0,0,0,0,2,1,0,4,0,1,1,0,2,4,12,6,1,0,7,0,0,2,1,1,4,0,2,0,1,1,0,12,4,0,1,0,3,6,0,0,0,0,0,1,0,4,1,0,0,1,0,0,0,0,0,6,6,0,2,5,0,0,1,2,3,0,1,7,0,5,5,7,8,0,1,1,2,0,0,2,0,0,0,0,2,1,1,6,7,3,3,0,3,3,0,0,3,2,0,1,4,1,1,0,0,0,1,4,2,2,3,3,0,0,0,1,0,0,0,6,0,1,0,0,2,1,2,0,1,2,0,0,2,7,2,1,2,0,2,0,0,1,0,6,2,5,0,1,0,0,0,7,0,1,0,8,0,0,3,0,2,4,1,1,0,0,0,1,0,1,0,2,9,1,1,1,0,4,0,1,0,5,0,1,0,3,2,1,0,1,3,0,1,9,4,1,1,4,0,0,7,2,0,0,0,1,3,0,0,2,0,0,0,1,0,0,0,0,1,6,6,4,1,1,5,0,1,1,2,1,0,1,0,0,0,4,3,2,0,0,2,1,0,0,0,1,0,0,0,1,0,1,0,0,1,3,3,2,3,0,1,0,0,1,0,2,4,0,4,4,0,3,0,7,1,2,9,1,1,0,0,1,1,0,1,0,1,2,5,0,0,4,1,0,2,0,1,0,0,1,10,1,0,1,0,1,0
G[C>G]C,3,2,2,13,1,4,2,1,1,4,6,1,0,3,3,0,1,2,2,0,1,0,0,5,2,2,0,0,1,0,1,3,1,0,1,2,0,4,0,0,0,0,0,1,0,1,2,2,2,0,2,0,6,2,0,5,1,3,6,12,2,1,1,1,1,2,1,1,2,0,1,4,0,1,0,0,0,5,4,3,0,2,1,0,2,3,4,1,0,0,1,1,0,1,4,0,0,0,1,2,5,5,6,6,6,4,5,0,0,1,1,0,0,0,0,0,0,0,0,0,0,0,3,3,3,2,0,0,1,1,5,5,5,0,0,4,4,4,4,3,3,3,8,0,0,0,0,0,3,5,0,0,0,0,0,0,0,0,0,0,0,1,0,0,0,0,0,2,0,2,0,1,2,1,9,1,2,5,1,0,4,5,7,4,1,0,1,2,0,0,6,2,0,0,0,0,0,1,2,0,1,0,5,2,2,1,4,0,1,4,1,2,3,6,3,5,5,0,1,1,1,4,0,0,1,1,0,1,4,5,1,1,1,1,1,3,0,0,2,2,2,0,3,2,4,1,2,0,3,1,0,0,6,2,1,7,5,6,3,3,4,2,2,2,0,0,0,4,5,1,0,4,1,0,0,0,1,0,0,0,4,0,1,0,2,1,0,3,0,2,4,0,0,0,0,0,1,0,6,3,3,2,1,9,2,0,0,7,1,0,4,3,2,0,5,3,2,1,5,0,1,3,5,11,5,1,0,1,0,0,1,0,1,0,0,1,0,0,0,1,9,1,1,0,2,2,10,0,0,0,0,0,1,0,8,2,1,0,1,0,0,1,1,0,2,2,0,4,7,0,0,1,0,3,4,7,10,0,2,1,7,4,0,1,1,0,0,0,0,0,1,0,0,3,0,6,2,14,3,0,0,3,2,0,1,2,0,1,2,2,0,1,0,1,2,1,5,2,1,6,0,0,0,0,0,0,4,0,3,1,1,0,1,0,1,4,2,1,5,0,1,0,14,1,0,1,0,0,0,0,2,0,6,1,8,1,1,0,2,0,3,0,1,2,4,0,1,1,0,0,4,2,3,1,0,1,1,3,3,2,0,12,1,0,0,0,3,0,4,0,6,0,1,0,3,5,4,3,6,6,0,2,5,1,1,1,4,1,1,4,1,1,0,0,1,5,0,1,0,2,1,1,0,2,0,0,1,1,6,9,1,7,1,3,0,0,0,1,4,0,2,1,0,0,0,3,2,0,0,1,1,0,1,0,2,0,0,1,0,0,1,0,0,0,1,1,4,5,0,0,0,0,1,0,0,2,0,1,4,0,0,0,10,3,3,8,2,4,0,1,0,5,1,0,1,0,0,4,0,0,1,2,0,2,0,4,1,2,1,9,1,1,1,1,1,0
G[C>G]G,0,0,2,7,0,1,2,1,0,1,0,0,1,0,5,1,2,4,0,0,1,0,0,2,3,3,1,0,0,0,1,1,0,0,1,0,0,1,0,0,1,0,1,0,0,0,0,2,2,0,1,0,4,0,1,3,0,1,2,9,0,0,2,0,2,3,1,0,6,0,0,2,0,0,0,3,0,3,1,2,0,2,1,2,0,1,0,2,0,0,0,0,0,7,2,1,1,0,0,0,7,8,7,6,8,7,0,0,1,1,1,1,0,0,0,0,0,0,0,0,0,0,1,1,1,1,0,1,0,0,2,2,2,0,0,6,6,6,5,5,5,0,8,0,0,0,0,0,1,2,0,0,0,0,0,0,0,0,0,0,1,3,0,0,0,0,0,1,2,2,0,1,0,1,2,2,1,5,4,1,1,4,6,4,0,0,0,4,1,0,0,1,0,1,0,2,0,1,0,0,1,0,4,0,0,0,0,0,2,0,1,1,5,8,3,1,2,0,0,0,0,3,0,0,2,2,0,0,7,2,0,1,0,0,0,3,0,1,3,3,4,0,1,0,4,0,0,0,1,0,1,0,2,3,1,4,4,3,0,0,3,2,2,5,0,2,0,2,0,0,0,1,0,0,2,0,0,0,2,0,0,0,0,0,0,0,0,2,0,1,1,0,0,0,1,1,2,2,4,4,0,0,1,16,9,0,0,9,1,0,1,4,0,0,4,1,6,0,1,2,1,0,2,10,8,0,1,0,0,0,5,1,0,3,0,1,1,1,0,1,10,2,0,0,1,1,6,0,0,0,0,1,1,1,3,1,1,0,0,0,0,2,0,0,3,1,1,1,4,0,0,0,0,1,3,1,7,1,0,0,7,4,0,2,0,1,0,0,0,0,0,0,0,1,2,2,5,5,4,0,0,1,0,0,0,1,0,1,2,4,1,0,0,1,0,0,8,0,0,3,1,0,0,0,0,0,1,0,3,0,2,1,0,3,0,3,1,0,5,0,0,0,15,0,0,1,0,1,0,0,0,0,4,0,3,1,3,0,1,1,1,0,0,2,7,0,1,1,1,0,4,2,0,0,1,0,2,2,2,0,0,7,0,0,0,0,1,0,0,2,4,0,1,0,3,1,0,0,1,4,0,0,8,0,0,0,2,0,1,5,1,0,0,0,1,5,0,0,0,0,0,0,1,0,0,0,0,0,3,5,6,2,0,4,0,0,0,3,5,0,0,0,1,0,1,1,2,0,0,3,1,0,0,0,2,0,0,1,1,1,2,0,0,1,0,1,0,1,0,0,0,0,1,0,0,2,1,0,3,0,3,0,6,4,0,11,4,1,0,1,1,4,0,1,0,0,1,1,0,2,1,1,0,1,0,3,0,4,1,7,0,0,0,0,0,2
G[C>G]T,2,0,1,4,1,0,3,0,1,4,3,2,1,3,6,0,0,1,4,1,0,1,0,10,1,2,0,0,1,0,2,2,0,0,0,2,0,0,0,0,0,0,1,0,0,1,3,0,0,0,1,0,7,6,0,3,1,1,4,14,0,1,0,0,0,1,1,0,4,0,0,2,1,0,1,0,0,1,4,2,0,0,0,2,1,1,3,3,1,0,1,3,1,0,2,1,0,0,1,1,5,5,3,6,5,4,2,1,0,0,0,0,0,0,0,0,0,0,0,0,0,0,1,2,2,1,0,0,1,2,6,7,5,0,0,3,3,3,3,3,3,0,2,0,0,0,0,0,0,2,0,0,0,0,0,2,2,2,2,2,0,3,0,0,0,0,0,0,2,2,0,0,1,2,2,2,2,1,0,0,4,4,7,2,1,0,0,2,1,0,3,1,0,0,0,0,0,2,0,0,2,1,4,1,2,2,3,0,2,1,0,2,7,9,3,3,4,0,1,0,1,8,1,0,4,5,0,0,1,1,0,3,0,0,0,3,0,1,10,10,5,0,1,1,3,0,0,0,3,0,0,0,4,0,1,1,1,1,1,0,3,0,1,0,0,1,0,2,7,0,1,1,0,0,3,0,0,0,1,0,2,0,0,0,1,0,1,2,0,3,1,1,0,1,1,0,0,0,5,1,0,0,0,8,5,0,0,4,1,0,3,1,0,0,2,1,2,0,1,0,0,1,2,3,6,1,1,7,0,0,0,2,0,2,0,3,0,2,1,0,13,2,0,0,1,2,0,1,4,0,0,0,4,0,3,0,0,1,0,1,0,0,2,1,2,2,2,3,3,0,1,1,0,2,0,1,6,0,2,2,6,7,0,0,0,3,0,0,0,0,0,0,0,2,0,1,4,11,4,1,0,2,1,1,0,2,1,0,0,0,2,0,2,2,0,1,3,1,0,2,1,1,0,1,0,0,1,0,6,0,0,0,1,0,2,0,1,0,2,2,0,1,7,1,0,3,0,0,0,0,0,0,0,2,2,1,0,0,2,1,5,0,1,1,6,1,0,2,1,1,8,2,0,0,0,1,0,5,0,1,0,5,0,1,0,0,3,0,0,1,5,0,0,0,1,0,3,2,2,2,0,3,4,2,2,1,0,1,0,3,3,0,0,0,4,2,0,0,0,1,0,0,1,0,0,0,0,0,7,5,2,7,1,0,0,0,0,2,2,0,1,0,0,0,5,1,3,1,0,2,1,0,0,0,0,0,1,0,0,0,2,0,0,1,1,4,1,2,1,0,2,0,3,0,0,0,0,0,2,0,0,0,3,7,4,10,0,0,0,0,0,0,0,0,0,0,1,2,0,2,1,0,1,1,0,5,0,2,1,2,0,0,3,0,3,0
T[C>G]A,0,2,7,36,1,8,2,21,4,30,7,13,2,5,21,1,2,2,2,0,20,0,0,12,2,6,2,3,0,3,10,9,0,14,6,1,1,7,0,1,0,0,5,0,1,6,1,0,2,0,4,1,32,17,1,61,0,6,2,34,4,3,0,1,4,5,4,2,11,2,0,6,2,3,2,9,0,12,13,34,0,7,0,3,7,4,6,19,2,0,1,6,7,6,5,0,3,0,2,2,7,6,6,6,6,7,4,0,24,22,22,18,0,0,1,0,1,1,1,1,1,0,11,9,11,5,12,4,3,4,16,13,14,1,2,7,7,7,7,14,6,1,11,0,0,0,0,0,2,2,0,0,0,0,0,3,4,2,1,0,0,0,0,0,0,1,1,1,8,2,0,2,8,4,10,1,3,28,5,1,7,5,6,2,11,0,2,10,2,13,9,4,1,1,0,3,0,5,1,0,14,18,24,2,10,8,3,2,4,6,0,13,3,13,3,6,15,0,0,18,5,6,2,1,3,4,2,2,7,1,1,5,8,6,0,5,0,1,23,28,23,1,9,3,7,0,0,0,6,0,0,1,28,8,0,6,7,10,8,10,4,1,1,16,1,1,14,62,1,2,1,8,2,0,6,0,3,21,1,0,2,0,15,0,7,7,1,21,1,21,4,2,0,18,10,0,1,4,30,2,7,4,6,22,11,10,0,55,1,0,13,2,2,1,0,13,26,0,1,22,2,4,6,6,6,1,7,10,2,0,2,4,1,3,1,5,1,3,41,0,14,7,4,7,5,89,10,0,5,5,0,1,30,0,19,1,6,0,1,0,0,0,9,0,4,4,11,2,6,5,3,2,1,3,1,4,16,1,1,2,57,54,0,0,0,2,0,1,2,0,0,0,0,10,1,9,32,14,32,4,0,6,7,0,3,12,2,2,4,6,1,1,1,4,1,3,13,4,7,22,1,0,0,1,3,1,2,0,19,0,1,0,5,3,11,8,0,9,17,16,6,13,15,19,6,3,2,1,2,0,0,4,12,2,2,1,57,0,1,1,19,0,0,5,14,17,0,0,13,4,25,1,9,1,0,0,2,4,1,0,19,20,0,0,4,17,4,0,8,2,19,2,1,2,8,9,7,4,2,26,3,6,6,23,4,0,7,10,1,17,0,4,0,0,12,4,0,1,2,67,35,21,0,4,2,9,10,11,20,13,2,7,28,31,11,2,5,2,7,0,4,8,0,0,3,3,8,1,0,0,4,0,7,0,4,2,1,2,9,1,7,21,0,1,5,29,2,3,1,1,0,2,23,1,1,2,0,0,2,0,0,6,12,2,7,48,6,15,0,7,3,4,3,1,0,1,7,2,0,0,1,1,1,10,0,8,6,5,48,8,2,1,3,1,0,1
T[C>G]C,5,1,7,17,0,6,7,0,1,13,9,4,1,1,20,1,1,1,1,0,14,0,1,19,1,6,0,0,2,3,5,4,2,8,2,3,0,4,0,0,1,0,2,0,0,12,1,1,2,0,1,1,11,5,1,29,0,7,4,15,3,1,0,0,2,4,5,1,9,0,0,6,2,1,1,4,1,6,6,12,0,2,6,3,4,6,4,4,0,0,3,7,2,12,3,0,1,0,0,0,12,10,12,13,11,6,6,0,12,13,11,12,0,0,0,0,1,1,1,1,1,1,4,4,3,1,5,6,2,3,16,15,14,0,1,2,3,2,3,2,2,4,13,0,0,0,0,0,1,1,0,0,0,0,0,1,2,2,3,2,0,2,0,0,1,1,0,1,7,5,2,1,10,6,9,7,7,14,2,1,10,3,8,1,4,0,1,8,1,3,7,1,2,3,0,0,0,7,0,0,5,7,5,3,5,2,4,3,0,3,1,7,6,9,3,3,12,0,2,7,1,6,4,0,3,5,2,1,9,2,1,4,1,1,0,3,0,0,10,9,14,1,7,3,8,2,1,2,0,1,1,0,12,5,2,9,13,9,3,4,5,4,4,6,0,0,4,20,3,1,0,2,2,0,5,1,1,6,0,0,2,0,4,1,7,6,0,5,1,7,8,1,0,4,7,1,1,4,18,3,3,5,1,16,12,3,0,31,1,0,9,4,4,0,4,6,15,1,8,12,1,3,8,13,10,1,4,6,0,0,1,9,1,4,0,7,1,3,14,0,16,3,1,1,2,29,10,1,6,3,0,1,13,3,13,2,1,0,0,1,1,1,3,0,8,8,6,2,4,2,1,1,2,9,6,2,11,2,1,1,33,33,0,0,0,2,0,2,2,1,0,1,0,4,2,5,13,14,11,3,0,2,1,0,0,7,2,4,3,6,3,1,1,2,1,1,9,1,6,18,2,1,0,1,1,0,1,0,9,0,4,0,3,0,9,3,3,7,4,5,3,6,12,7,3,4,0,1,3,0,2,0,11,0,7,2,18,0,3,1,12,0,0,3,17,2,2,0,10,4,13,0,7,2,0,0,2,4,2,0,6,10,0,0,1,4,4,0,3,0,8,0,0,0,4,2,2,4,2,7,3,6,5,7,5,1,2,4,0,1,1,5,1,1,7,4,0,0,2,16,5,2,3,2,0,1,1,3,10,10,2,4,11,10,7,2,1,1,3,1,3,3,1,0,2,7,2,1,0,1,2,0,3,1,1,0,0,1,4,1,3,3,1,4,2,8,3,9,3,0,0,0,8,2,0,2,0,5,3,1,3,1,15,6,6,15,5,6,2,1,0,1,1,1,1,0,3,4,0,2,2,3,0,3,1,8,5,7,16,12,0,1,0,1,1,4
T[C>G]G,1,5,3,8,0,1,4,2,2,7,3,1,1,1,3,0,2,1,2,1,6,1,0,4,1,0,0,0,0,0,3,2,0,1,2,0,0,1,0,1,0,0,2,0,0,4,1,0,0,0,1,0,7,5,0,7,1,2,0,15,0,0,0,0,0,1,4,0,2,0,0,5,2,0,0,2,0,0,1,3,0,1,0,1,1,1,3,4,0,0,0,1,1,1,3,0,0,0,0,0,4,5,4,5,5,5,0,0,3,1,0,2,0,0,0,0,0,0,0,0,0,0,2,2,3,0,2,2,0,0,1,2,2,0,0,2,2,2,2,2,2,1,5,0,0,0,0,0,0,2,0,0,0,0,0,1,1,1,1,1,0,2,0,0,0,0,0,1,0,1,0,0,2,2,4,4,1,7,1,0,2,3,1,1,2,0,0,2,0,0,0,1,0,1,0,0,0,0,0,0,1,4,3,0,1,1,3,0,0,0,1,3,4,0,0,0,4,0,0,1,0,2,0,0,1,0,0,1,4,1,0,3,0,0,0,3,0,0,4,3,3,0,5,1,0,0,0,0,1,0,0,0,5,1,0,3,2,2,2,2,0,1,1,4,0,1,2,3,0,0,0,2,0,0,0,0,0,3,0,0,1,0,3,0,1,2,0,1,0,1,1,2,1,3,0,0,1,0,4,3,0,1,1,7,7,2,0,2,0,0,0,1,0,1,1,0,5,0,2,2,1,0,5,3,9,0,2,2,0,0,0,0,0,1,0,2,0,0,4,0,5,1,0,0,1,8,2,0,0,0,0,1,7,0,7,3,0,0,0,0,0,0,1,0,4,4,1,0,0,0,0,0,0,3,1,1,9,2,2,1,12,9,0,0,0,0,0,0,2,0,0,0,0,0,2,2,3,7,2,0,0,3,2,0,1,3,2,0,2,1,1,0,0,0,0,0,5,0,1,2,0,1,0,0,0,0,1,0,5,0,2,0,0,1,3,5,2,1,4,1,0,1,5,3,1,1,0,0,1,1,1,0,3,0,1,0,8,0,0,0,8,0,0,1,5,0,1,3,2,0,7,0,2,1,0,0,0,2,1,0,1,7,0,0,0,1,2,0,1,0,3,0,0,0,2,5,1,0,0,4,0,1,0,2,2,0,5,3,0,3,0,0,0,0,2,0,0,0,0,12,2,4,0,1,0,0,0,1,7,0,1,0,6,12,3,0,1,3,3,1,1,1,0,0,1,2,1,0,0,1,0,0,0,0,0,0,0,1,4,2,1,4,0,0,2,1,1,0,0,0,1,0,8,0,0,0,0,1,4,0,3,1,7,2,1,7,2,2,0,1,0,4,0,0,0,0,0,0,0,0,1,0,0,0,0,4,2,0,3,3,0,0,0,0,0,0
T[C>G]T,1,10,8,28,2,13,4,13,1,24,16,16,0,5,22,3,1,3,4,2,13,1,2,14,1,6,0,1,1,1,8,22,0,14,5,1,1,3,2,0,1,0,2,1,0,5,1,4,4,0,4,1,39,9,1,88,0,10,6,18,5,6,1,3,0,5,8,2,10,0,3,9,6,0,0,6,0,7,17,34,0,4,6,9,10,2,8,13,3,1,6,3,10,8,5,0,5,0,2,2,5,2,4,4,4,7,10,1,26,24,24,20,2,2,2,2,0,0,0,0,0,0,10,8,10,7,11,9,10,10,17,18,18,0,2,11,11,11,11,19,10,6,13,0,0,0,0,0,6,3,0,0,0,0,0,3,6,3,0,1,0,2,0,0,0,0,0,2,14,5,1,3,10,7,11,5,8,24,2,1,9,5,5,4,21,0,3,13,1,11,15,5,2,3,0,3,1,8,2,1,18,18,38,3,9,12,10,7,3,2,4,14,3,14,2,9,14,0,1,18,4,8,2,0,6,4,1,2,5,4,0,6,8,11,4,10,1,2,30,32,41,1,8,4,10,4,2,2,1,2,2,0,27,11,1,7,13,11,9,8,2,4,4,16,0,1,10,52,4,2,1,13,1,0,9,0,1,34,1,0,7,1,9,2,8,8,0,16,1,18,3,4,2,10,13,2,1,3,42,2,3,10,4,17,14,24,2,61,0,0,17,4,1,2,4,15,42,0,5,29,0,9,5,8,9,1,5,10,0,0,5,9,2,6,0,4,2,6,58,2,22,5,1,10,2,82,10,0,9,1,0,1,39,0,33,2,0,3,2,0,0,4,8,0,5,4,12,6,11,1,1,5,3,1,5,3,18,2,1,1,56,55,0,2,2,1,1,1,2,1,0,0,2,7,2,6,29,22,37,2,1,6,7,2,3,15,2,4,6,1,3,1,0,2,1,2,16,5,6,32,2,4,0,0,1,5,9,0,36,0,2,0,7,2,13,6,4,11,29,13,3,21,25,20,5,2,1,3,3,0,0,5,21,1,2,3,48,0,4,2,24,0,3,8,19,19,5,4,17,1,28,1,6,2,1,2,7,7,3,2,22,18,2,1,3,15,6,1,6,2,22,0,3,0,2,6,0,6,3,24,7,5,15,33,4,5,3,17,4,19,1,6,1,0,15,6,1,3,1,58,28,16,1,3,1,3,2,14,12,13,4,6,39,27,26,4,10,0,7,3,5,11,0,1,4,8,12,2,2,1,4,0,8,0,3,2,0,2,17,1,2,13,1,4,6,22,1,5,2,0,3,1,28,6,2,1,1,4,2,0,4,9,16,20,8,66,7,25,2,7,7,6,4,0,0,1,4,5,2,0,8,0,1,10,0,4,6,5,48,6,1,1,3,0,4,0
A[C>T]A,4,4,0,15,2,2,6,0,3,7,7,4,0,4,12,2,0,4,1,0,4,0,0,14,4,10,1,2,1,1,8,3,0,2,0,3,0,1,0,1,2,0,0,0,0,6,5,3,0,0,4,2,13,5,4,7,0,6,7,20,2,1,2,2,1,6,5,2,6,1,0,3,0,1,1,1,0,8,6,8,1,2,3,5,5,5,5,7,1,2,2,8,0,5,3,0,0,0,0,0,8,7,10,7,7,6,3,1,2,2,2,2,1,1,1,1,1,1,1,1,1,1,2,2,2,2,0,2,2,3,17,17,19,0,0,4,4,4,5,5,4,0,9,3,2,3,3,3,2,2,0,0,0,0,0,4,3,4,2,3,0,2,0,0,0,0,0,4,3,3,1,1,3,4,6,4,12,5,3,0,6,8,8,2,3,0,2,8,2,4,2,2,2,2,0,1,1,1,0,1,3,1,9,2,4,1,3,0,0,4,2,1,6,15,4,4,5,0,0,0,4,4,0,0,6,8,0,2,9,3,1,9,1,2,1,4,1,1,6,5,5,0,2,2,9,0,0,0,5,0,0,2,9,2,3,9,8,8,1,1,4,0,1,5,0,0,1,0,4,0,3,4,0,1,0,1,0,0,1,0,4,0,1,3,3,2,2,3,1,2,5,2,0,0,4,0,2,0,11,2,1,2,1,20,1,6,2,9,2,0,3,4,0,2,1,1,4,1,5,1,2,3,6,15,15,3,2,2,0,0,0,4,3,5,0,7,0,4,3,0,9,1,1,4,1,4,10,2,0,0,0,1,5,1,6,1,1,0,1,1,0,1,1,1,6,6,4,3,5,0,0,0,2,7,5,3,9,1,0,1,8,13,0,2,1,5,1,0,2,3,0,1,0,17,3,6,6,14,7,2,0,5,1,1,0,2,2,1,3,4,3,2,0,2,1,4,6,1,1,8,2,1,0,1,0,0,5,0,3,0,1,0,3,2,4,4,1,4,5,3,0,5,15,2,2,4,0,3,0,0,2,1,13,1,9,3,3,0,3,4,4,0,0,1,13,0,1,4,2,0,6,2,1,0,2,0,1,7,2,0,1,10,0,1,1,1,3,0,1,1,5,0,3,0,2,5,4,3,4,15,2,3,9,1,1,0,5,0,0,8,0,3,0,1,3,3,0,1,0,4,1,1,0,0,0,1,1,5,11,14,4,8,2,4,0,1,0,3,6,1,2,0,0,1,2,4,3,1,0,5,0,2,0,1,1,1,0,0,3,0,1,2,0,0,4,2,7,4,4,0,1,2,1,1,1,3,0,0,5,0,0,0,14,8,4,14,1,3,0,1,0,7,0,1,1,0,7,3,1,2,7,0,3,5,3,5,0,4,10,13,3,2,0,4,2,1
A[C>T]C,1,2,1,3,1,1,2,4,6,3,3,0,1,2,8,3,3,1,3,0,6,1,2,5,1,6,1,0,1,0,5,2,0,0,2,2,0,3,0,1,0,0,3,0,1,2,5,0,1,0,1,0,4,4,3,5,1,2,8,13,0,0,0,1,0,3,1,0,6,0,0,6,0,3,1,2,0,6,6,1,2,0,1,4,4,0,1,7,0,0,3,2,0,2,6,0,0,1,0,0,6,4,6,5,7,5,2,0,2,1,1,2,1,1,1,1,3,3,3,3,4,3,2,2,3,0,1,1,3,3,6,4,4,1,1,5,4,5,5,5,4,1,4,0,0,0,0,0,2,0,0,0,0,0,0,1,1,2,1,0,1,0,0,0,0,1,0,2,0,2,0,1,7,3,5,5,4,5,5,2,6,6,2,1,4,0,0,2,3,0,1,1,0,4,0,1,1,3,1,0,4,0,4,0,0,0,2,1,0,4,0,5,7,2,1,0,3,0,0,0,0,11,1,0,3,3,1,1,8,4,1,5,3,0,0,5,0,0,3,4,4,0,4,2,4,1,0,1,1,0,0,0,1,4,1,5,5,4,0,0,1,0,0,5,0,1,0,0,4,0,1,3,1,0,1,0,2,2,1,2,4,1,2,0,2,5,2,2,0,0,5,1,0,1,1,1,1,3,9,0,4,7,4,12,2,2,0,12,1,1,2,2,1,2,4,1,3,1,4,2,2,5,6,11,5,3,2,6,0,0,2,4,1,4,0,2,0,1,0,0,11,5,1,5,3,3,10,0,1,1,0,3,3,1,7,2,2,2,1,0,0,2,0,1,4,5,3,2,4,1,0,0,0,6,4,1,6,6,1,1,6,6,3,2,2,1,1,1,3,0,0,1,0,3,2,1,2,12,7,2,1,3,2,1,1,3,2,1,1,2,4,2,1,2,1,0,2,1,2,5,3,0,0,0,0,1,5,1,10,0,2,0,3,4,2,1,1,2,3,0,0,0,6,1,2,4,1,2,1,0,0,2,5,0,5,1,2,0,1,1,4,0,1,2,8,0,1,4,2,0,3,0,0,2,0,2,3,0,1,1,2,13,2,1,1,0,3,2,4,0,5,0,4,0,3,6,4,4,1,21,1,2,6,1,5,1,6,0,1,4,0,1,1,0,2,0,1,0,2,2,0,0,2,1,0,0,0,0,5,5,2,9,0,2,0,0,0,1,4,1,3,0,0,2,1,4,3,1,1,2,1,1,0,1,3,1,2,0,3,1,2,0,0,3,6,3,4,5,0,0,1,0,1,2,2,3,0,3,4,0,1,0,9,9,3,10,5,1,0,1,0,2,1,2,1,1,2,1,1,1,4,1,1,3,0,10,2,4,1,7,1,1,1,0,1,3
A[C>T]G,5,3,4,12,0,8,4,2,4,8,7,1,4,2,11,3,5,4,1,1,8,5,4,8,0,7,7,4,1,4,4,3,6,3,4,3,0,5,1,4,6,0,3,3,1,14,6,2,2,0,0,0,9,4,2,6,0,2,4,17,0,1,3,20,2,2,2,2,7,0,3,2,4,2,0,5,0,6,2,2,1,4,1,3,2,4,7,4,1,2,6,5,6,2,4,4,0,0,1,2,3,3,3,3,5,2,8,0,1,1,1,1,3,3,1,3,1,1,1,2,2,2,3,3,2,1,4,2,2,4,4,4,3,0,1,4,4,4,6,7,4,3,11,3,2,3,3,3,4,4,4,4,4,3,3,2,1,7,0,3,0,2,1,1,1,1,0,1,3,3,7,0,3,2,1,8,4,9,0,0,9,5,3,2,5,3,1,5,1,1,1,1,1,4,2,8,0,6,0,1,3,4,9,1,5,2,4,1,1,4,1,3,5,6,4,1,4,0,3,1,4,1,2,1,0,3,4,5,4,5,1,8,1,2,4,4,0,5,6,7,2,1,5,3,3,0,3,1,4,2,2,2,8,2,1,3,1,2,3,2,4,2,3,5,1,2,2,5,0,0,0,4,3,1,0,1,2,4,1,0,2,1,0,5,1,6,3,2,0,0,9,4,3,3,2,1,5,4,9,6,3,4,4,10,1,5,2,4,1,3,8,4,7,7,9,3,4,2,6,1,0,1,8,85,4,5,0,6,0,0,7,9,1,7,4,8,0,0,8,2,9,1,3,3,8,7,8,1,3,3,1,2,8,4,8,5,8,6,0,4,4,6,1,2,6,6,5,5,4,3,2,3,2,5,5,3,11,6,3,5,9,11,2,0,0,4,1,1,2,3,1,1,2,3,3,8,6,12,8,1,6,5,6,5,2,3,4,3,2,2,3,4,4,5,3,3,5,0,2,2,0,2,2,0,0,2,4,0,2,3,6,1,6,1,7,7,1,1,3,1,1,8,8,2,4,6,2,2,2,1,2,4,2,0,10,0,3,2,8,1,10,0,2,1,8,1,7,3,2,5,2,3,3,2,1,1,5,4,4,2,5,11,3,6,3,2,3,1,3,3,2,2,5,2,3,5,1,2,5,56,3,2,0,0,1,4,4,4,8,4,3,4,1,4,5,2,3,0,6,3,1,0,2,0,1,9,4,2,8,10,7,9,4,4,1,2,2,5,2,0,3,3,1,5,5,4,4,1,5,6,7,0,4,0,2,0,0,1,0,4,3,3,2,2,5,8,1,4,5,0,3,5,3,1,3,6,0,4,4,2,1,0,11,4,6,11,1,5,6,2,1,3,4,5,5,0,5,0,2,8,5,2,5,2,2,3,4,3,1,5,1,0,2,5,2,0
A[C>T]T,1,3,3,12,2,5,4,2,0,8,2,1,0,5,7,2,1,1,5,0,3,0,1,11,0,5,0,1,1,0,2,1,0,1,0,1,0,4,0,3,0,0,0,1,1,2,2,0,1,0,1,1,3,2,2,2,0,0,3,9,3,1,1,1,0,2,1,0,4,0,0,3,1,2,0,3,0,5,2,1,1,0,3,0,5,0,2,1,0,0,2,5,1,5,1,0,0,0,0,0,9,7,10,11,8,8,4,0,0,0,0,0,1,1,0,2,1,1,1,1,1,1,1,1,1,1,2,1,2,3,1,3,3,0,0,2,3,3,3,2,1,1,9,0,0,0,0,0,3,1,0,0,0,0,0,3,3,3,2,3,0,3,0,0,0,0,0,1,2,4,1,1,4,0,4,1,4,4,2,0,3,5,1,0,2,0,0,1,2,1,0,2,0,0,0,3,0,1,1,0,1,0,6,0,0,1,0,1,1,1,1,2,3,2,2,1,3,0,1,1,2,3,1,0,3,4,3,0,7,0,0,8,1,0,1,2,1,0,3,3,4,1,2,5,1,0,1,0,3,0,0,0,2,1,0,2,3,3,0,1,1,3,2,3,0,0,1,2,10,2,0,0,1,0,0,0,0,2,1,0,4,1,0,2,1,1,0,4,2,0,4,0,2,1,2,1,2,4,6,3,1,1,2,8,5,1,0,5,1,0,3,3,2,1,4,1,3,0,3,5,0,2,5,9,5,0,2,7,0,0,1,2,1,1,0,7,0,1,0,1,5,1,3,1,0,2,4,0,3,2,0,1,2,0,6,1,1,2,0,0,0,1,1,2,5,6,1,1,1,0,0,1,0,2,3,1,4,2,1,1,4,5,0,0,0,4,1,0,2,0,0,1,0,2,2,2,0,9,1,0,1,5,3,0,0,3,0,5,5,0,1,1,0,1,0,0,7,1,1,3,0,1,1,0,1,0,5,0,5,0,0,0,4,1,0,3,1,1,1,2,1,3,6,1,0,1,0,0,1,0,1,0,7,0,6,1,5,1,4,0,6,0,1,1,6,0,2,1,1,1,4,2,0,0,1,0,2,5,1,2,1,15,0,1,0,2,5,0,1,1,3,0,0,0,2,2,1,1,1,9,0,0,3,1,0,1,3,0,0,8,0,2,0,0,1,1,0,1,0,0,0,0,2,0,1,1,1,4,11,8,3,4,1,2,0,1,2,2,6,1,2,0,0,0,3,2,1,0,0,1,0,0,1,2,2,1,0,1,3,0,3,0,0,3,4,1,2,3,2,0,0,0,2,2,0,2,0,3,2,0,1,1,8,3,2,8,5,0,0,0,0,0,0,0,0,0,0,3,0,0,5,0,3,4,1,1,2,1,0,4,0,0,3,1,0,0
C[C>T]A,5,3,5,27,4,3,14,12,3,22,20,3,5,5,30,5,3,3,4,0,6,0,3,16,3,23,0,2,1,3,10,10,0,1,4,6,0,4,0,1,1,1,2,2,6,3,7,7,4,0,0,5,17,7,7,20,0,12,13,36,1,4,2,2,0,7,3,6,11,2,0,11,2,1,2,6,0,10,11,2,1,2,3,9,6,8,10,9,5,0,4,5,3,6,15,2,0,1,1,3,19,18,22,19,19,17,5,2,2,1,2,1,0,0,0,0,0,0,0,0,0,0,12,12,11,8,4,1,8,7,17,19,18,1,1,4,5,5,5,6,3,5,15,2,1,2,2,2,2,11,1,1,1,1,1,5,5,7,3,6,0,5,1,1,1,1,1,5,7,8,4,1,8,2,7,11,6,23,6,5,12,13,18,3,4,0,2,10,5,3,8,5,1,6,4,1,2,3,0,0,5,8,18,7,3,6,11,2,0,7,3,10,19,18,14,15,19,0,2,2,5,15,1,0,2,3,1,1,22,0,2,6,1,3,1,8,1,3,11,15,11,2,10,9,10,1,1,1,4,1,3,1,20,4,4,15,16,17,4,3,8,3,4,9,0,2,3,6,12,7,2,6,0,2,2,0,4,1,4,0,5,0,3,2,15,7,1,8,0,2,12,4,6,1,4,3,1,3,21,9,7,6,7,33,12,10,1,23,1,0,12,11,2,3,7,6,8,0,6,6,6,6,19,20,22,4,11,12,2,0,8,4,4,11,0,12,1,11,8,2,27,6,5,6,2,10,19,0,2,2,1,0,9,2,16,1,2,1,1,1,0,3,0,0,19,18,1,10,11,5,3,3,0,7,8,3,34,3,3,3,20,22,2,6,5,8,2,1,6,1,0,3,1,12,4,12,10,39,17,3,2,10,10,3,0,6,3,4,11,16,11,2,2,5,4,1,21,1,0,16,4,0,0,1,5,1,11,0,15,0,4,0,6,8,5,8,3,0,19,4,0,3,18,7,6,4,0,3,2,1,4,4,20,5,17,4,11,0,8,5,8,0,3,6,22,4,3,5,5,1,14,5,6,5,3,2,3,10,5,2,2,41,2,0,1,0,9,4,1,6,7,0,2,2,9,15,8,3,5,13,2,9,15,3,8,1,15,3,3,9,3,6,0,1,4,16,1,3,2,7,3,1,2,1,1,2,1,4,28,22,5,12,4,12,1,1,2,5,11,2,7,5,0,2,6,11,4,5,3,11,3,2,7,3,2,2,3,4,3,0,3,6,0,5,9,11,4,5,4,0,1,2,3,2,2,9,0,5,12,0,6,0,26,14,4,21,6,4,0,2,2,6,2,0,3,1,9,4,3,3,10,0,2,12,1,16,3,13,13,16,2,3,8,1,2,5
C[C>T]C,1,2,9,24,3,3,11,4,8,16,7,0,4,8,12,4,4,9,4,1,6,1,0,13,2,8,0,1,3,1,10,5,0,1,1,4,0,3,0,3,0,1,0,2,1,8,3,2,2,0,2,2,14,7,2,11,2,5,9,42,0,2,3,1,1,10,4,3,13,0,0,7,2,3,3,6,0,15,11,6,3,2,8,9,6,6,6,8,5,1,0,6,3,12,6,2,0,0,3,4,17,11,14,16,13,11,3,2,0,0,0,0,0,0,0,0,0,1,0,0,0,0,5,3,4,1,2,1,9,10,12,10,8,1,1,2,2,2,2,2,1,3,21,0,0,0,0,0,4,2,0,0,0,0,0,2,2,2,2,2,0,1,1,1,1,1,2,3,9,4,1,4,6,3,9,8,10,8,6,0,9,8,7,2,5,0,1,11,4,2,4,0,1,4,1,3,2,2,0,0,2,2,8,4,0,4,4,1,2,8,2,12,10,17,6,7,7,0,2,0,2,8,2,0,3,6,1,3,12,3,3,9,3,1,1,3,1,3,7,7,10,3,3,3,8,2,1,1,4,1,0,0,14,3,2,11,8,8,3,4,7,2,2,5,0,2,2,4,2,2,1,4,1,1,0,2,0,4,2,1,8,1,0,4,9,5,0,4,3,1,11,5,1,0,2,3,3,2,16,5,5,4,0,21,10,2,0,10,3,0,10,6,3,2,6,4,3,0,3,4,3,6,17,25,16,2,6,6,2,0,11,4,2,9,0,10,0,8,3,1,17,6,9,4,2,8,10,0,2,1,1,3,6,0,16,3,4,0,1,0,1,1,1,2,7,7,1,6,5,0,0,0,2,10,10,7,13,1,5,4,24,26,1,2,2,1,0,0,3,0,0,1,2,12,2,3,7,30,10,2,1,3,4,3,0,5,2,5,6,7,5,0,1,4,1,1,13,5,1,4,4,1,0,1,3,0,4,1,12,0,9,0,5,3,6,8,5,2,4,4,1,3,14,1,2,4,0,4,2,0,3,0,13,1,5,3,4,1,8,1,10,0,4,3,19,0,2,4,5,1,15,1,2,6,1,0,6,2,1,0,2,21,2,0,2,0,4,2,4,0,6,0,4,0,5,9,3,9,3,17,2,2,16,0,5,1,9,1,0,10,0,0,0,0,6,5,0,1,1,1,0,0,1,1,1,2,1,1,26,15,7,9,1,5,0,2,0,7,6,3,11,4,0,1,9,6,5,1,0,4,0,0,4,1,4,1,0,3,5,1,3,0,0,6,10,9,2,7,3,1,1,4,0,0,3,7,0,3,7,2,4,1,19,13,12,24,2,6,1,2,2,6,1,3,3,1,5,9,2,2,6,2,0,3,1,15,1,8,7,24,0,2,5,1,3,3
C[C>T]G,4,11,6,22,2,3,9,3,3,9,10,3,7,7,13,2,5,1,3,1,6,2,2,17,3,7,2,0,5,4,8,9,0,1,1,2,0,3,0,0,4,0,5,3,4,19,6,1,4,0,1,0,12,5,4,9,5,8,5,21,3,2,1,10,1,8,5,2,4,1,0,5,2,3,0,6,0,2,3,4,1,2,2,10,4,4,8,7,1,2,4,7,4,10,6,2,0,2,3,4,16,12,7,15,13,6,5,3,2,1,2,2,1,1,1,1,1,2,2,2,0,1,6,4,5,2,8,1,6,5,11,11,5,1,1,6,8,7,7,10,4,9,18,2,2,3,3,3,5,2,5,5,5,5,5,2,2,6,0,2,0,5,2,3,2,2,3,2,6,7,7,0,5,4,9,9,10,7,4,1,13,17,16,3,5,4,1,9,3,5,2,2,1,2,2,4,2,5,1,5,7,7,14,3,2,4,4,0,3,8,1,9,10,10,2,1,14,0,2,2,1,6,6,1,3,8,3,1,13,1,2,10,2,2,2,5,3,1,15,13,8,3,5,3,2,2,2,4,6,1,2,1,8,1,6,11,8,6,1,1,5,2,2,5,3,3,3,6,3,4,1,3,2,0,0,1,3,3,3,0,7,1,3,6,3,6,3,4,1,3,7,2,1,6,3,4,7,4,15,9,3,3,2,22,11,7,0,14,2,2,16,2,1,2,6,2,6,2,6,7,1,4,3,90,20,3,4,11,2,0,11,10,3,6,2,14,1,4,4,0,15,6,3,3,7,10,7,3,1,3,0,2,10,2,14,4,1,3,2,2,2,4,1,1,8,5,1,2,6,3,3,1,2,10,6,3,18,9,2,1,17,17,1,4,3,4,1,1,1,2,0,6,4,3,6,10,9,18,15,3,4,1,13,4,3,2,6,4,5,6,7,1,3,6,4,1,12,6,3,9,4,1,2,2,0,0,5,1,8,2,4,1,6,5,9,5,5,4,13,1,6,6,27,4,8,3,0,5,2,1,3,4,10,1,4,1,7,2,5,0,13,0,2,4,17,0,4,5,4,1,6,1,4,3,3,1,5,11,5,4,5,19,1,1,1,3,9,1,4,3,6,3,3,0,12,7,3,4,8,64,1,4,8,2,1,1,6,2,0,8,1,3,2,2,6,5,1,3,0,7,3,2,5,0,0,4,2,0,12,25,4,27,4,3,2,4,4,7,3,3,2,3,0,8,2,10,4,2,5,1,3,2,6,1,1,4,1,1,2,1,1,2,0,4,7,13,1,7,4,0,3,7,3,5,2,3,0,4,9,0,4,1,16,10,9,17,5,3,5,2,3,7,6,3,1,1,6,4,4,7,5,3,1,4,3,8,5,8,2,11,1,2,4,3,3,2
C[C>T]T,3,6,8,26,1,4,11,3,5,14,13,1,2,4,14,7,7,10,12,0,8,0,1,20,5,16,0,2,2,1,11,8,0,2,0,0,0,5,1,4,1,1,1,3,1,11,5,4,7,0,4,1,19,8,3,12,2,12,11,39,2,4,1,2,0,16,6,0,10,0,0,12,2,1,1,2,1,17,13,8,1,3,3,14,3,4,7,12,6,0,1,7,1,12,7,1,3,1,2,3,23,23,19,23,24,17,5,1,5,4,4,3,0,1,1,1,1,1,1,0,1,0,4,4,2,2,2,4,4,5,18,17,14,1,1,10,9,10,10,9,7,2,13,0,0,0,0,0,1,6,1,1,1,1,1,3,2,3,1,1,0,5,1,1,1,1,0,1,5,12,1,2,8,7,9,12,7,18,6,3,10,10,17,3,1,1,2,13,0,1,6,5,0,5,0,3,2,2,0,0,3,1,18,1,3,5,8,0,1,8,1,9,10,25,12,7,9,0,3,2,4,11,3,1,4,4,1,5,24,9,2,9,3,1,2,6,1,2,11,10,18,2,5,12,7,2,4,1,4,1,1,0,17,7,4,10,8,7,2,1,7,5,4,11,0,1,1,4,12,3,1,5,1,0,2,0,0,2,1,1,14,1,7,4,11,3,0,8,2,8,7,4,0,0,4,2,5,3,14,6,3,4,2,55,12,3,0,20,3,1,15,3,2,2,5,3,6,0,7,9,6,5,16,22,27,4,3,11,0,0,2,2,2,9,1,9,2,4,3,2,13,8,4,3,3,9,11,1,3,0,0,2,7,1,15,3,2,6,1,1,0,1,4,1,14,11,3,6,7,0,0,0,4,3,4,8,23,5,3,3,20,15,0,2,2,7,4,1,3,0,2,1,1,16,2,11,11,18,17,1,2,6,4,1,1,6,8,4,3,5,4,2,0,8,3,1,11,1,3,6,1,0,0,2,1,1,6,0,11,0,4,0,1,2,3,8,4,1,12,2,1,5,19,2,3,3,0,2,2,1,1,2,14,4,13,1,5,3,2,1,14,0,0,4,21,1,3,3,3,1,17,1,2,5,4,0,2,1,2,0,1,17,0,2,3,1,7,0,6,3,15,0,2,0,6,7,3,1,5,23,1,5,18,0,8,1,12,3,2,13,1,1,1,0,1,7,0,2,0,4,3,2,1,1,0,2,3,1,24,16,8,13,3,8,1,1,0,3,3,2,6,3,2,1,11,7,4,1,2,4,2,0,4,1,1,1,0,2,4,1,4,3,1,5,8,7,7,4,3,2,2,1,8,1,0,6,0,0,7,0,1,3,23,10,10,23,3,6,3,9,1,12,1,1,2,3,2,3,1,1,8,0,0,9,0,8,1,5,2,24,3,0,7,0,1,1
G[C>T]A,3,0,4,11,1,2,5,1,1,6,5,1,2,3,7,3,1,0,1,0,7,3,0,4,1,9,3,0,1,3,7,0,0,2,1,3,0,5,0,0,0,0,2,2,0,7,3,2,3,0,3,3,9,5,1,9,2,5,4,16,1,3,1,0,0,3,2,2,5,0,2,6,3,3,0,3,0,3,1,5,1,1,4,1,9,7,6,0,2,1,2,4,0,5,9,0,0,0,2,2,3,3,3,2,3,3,0,3,3,3,2,2,0,0,0,0,0,0,0,0,0,0,1,0,1,0,4,2,0,0,10,11,11,1,1,1,1,1,1,1,0,1,6,0,0,0,0,0,4,0,1,2,1,1,1,0,0,2,0,0,0,1,3,3,2,3,3,4,5,4,0,3,4,3,3,2,3,12,3,1,6,9,5,2,3,1,1,2,1,2,5,2,1,2,2,4,0,3,1,0,2,2,7,3,2,0,4,1,1,2,2,4,4,13,5,4,6,0,1,3,3,5,0,0,0,2,1,2,13,6,1,8,1,0,3,2,0,2,5,5,7,0,3,4,8,0,2,1,3,1,1,0,9,4,3,4,10,7,3,3,1,2,2,3,0,1,3,2,5,3,0,2,2,0,3,1,0,3,2,0,4,0,2,0,2,4,1,1,1,0,2,4,1,0,0,1,0,3,7,6,3,4,1,15,4,2,1,10,0,1,5,5,1,0,1,3,3,0,7,5,2,2,7,30,5,1,4,4,0,0,2,2,2,5,0,5,0,3,1,2,14,7,4,4,3,8,2,1,1,2,0,1,3,1,8,4,4,0,0,2,0,0,1,1,3,3,7,3,3,0,0,0,2,5,0,4,6,3,2,3,17,17,3,6,7,2,1,0,0,2,0,1,3,6,2,7,4,9,3,3,2,5,3,1,1,0,3,0,1,5,4,3,1,7,3,1,6,5,2,4,0,1,2,1,0,1,3,0,6,0,0,0,2,0,3,6,1,2,2,1,1,2,10,1,1,3,3,5,2,0,2,1,8,5,8,0,1,0,7,0,8,1,0,1,14,1,1,4,0,2,10,4,4,1,1,3,2,2,3,1,2,11,0,2,0,0,6,0,4,2,6,1,1,0,0,7,3,3,2,34,3,1,6,3,5,0,4,1,0,6,1,2,4,2,4,2,0,2,2,1,1,0,2,1,2,2,2,3,18,6,2,5,2,9,2,1,2,3,4,2,3,0,0,0,1,3,5,1,1,4,0,0,5,1,1,1,0,3,8,0,1,1,1,4,2,11,2,3,5,1,3,1,5,2,0,4,0,3,6,0,3,1,15,5,3,15,3,4,1,3,1,6,1,4,2,0,10,2,6,2,4,1,0,2,1,3,2,6,5,15,1,0,3,1,2,2
G[C>T]C,5,3,2,11,4,2,6,3,3,7,2,0,4,7,7,3,1,7,4,0,7,0,1,12,2,4,2,3,2,4,7,4,2,1,2,4,1,4,0,1,0,0,3,0,0,3,1,2,1,0,0,0,15,8,1,6,1,6,3,26,5,1,0,4,1,3,3,3,3,0,0,4,7,2,1,5,0,10,5,2,2,0,3,1,6,0,9,5,0,1,1,3,1,5,3,2,1,0,1,1,4,4,3,4,5,3,5,1,0,2,0,0,1,1,2,2,2,2,2,2,3,2,1,1,1,0,0,4,5,4,9,11,8,2,1,6,8,7,8,7,4,2,8,0,0,0,0,0,2,4,0,0,0,0,0,1,2,3,0,1,0,2,3,3,2,2,1,1,1,5,1,2,2,3,3,2,10,10,3,1,9,4,3,2,3,2,0,4,4,2,1,1,2,3,0,4,4,1,1,1,1,5,5,3,1,4,6,1,3,2,3,3,3,10,4,4,5,0,2,1,2,6,3,1,2,4,3,1,8,4,0,3,1,1,4,7,1,2,7,8,6,0,2,2,2,1,0,2,5,0,0,1,13,3,2,7,11,11,0,3,5,3,4,5,0,4,1,1,4,4,1,2,0,2,0,0,1,1,3,1,5,3,2,0,8,4,1,8,1,4,4,2,3,0,2,1,1,2,11,2,1,4,3,16,4,3,0,13,0,0,5,5,1,0,5,1,3,1,3,1,2,1,6,41,8,1,3,5,1,0,3,3,1,6,0,9,2,7,1,2,8,5,4,1,2,6,9,1,4,2,1,3,0,1,4,3,1,2,0,0,0,4,2,0,3,3,2,5,1,0,0,0,1,5,4,5,7,3,4,4,10,9,2,1,1,3,2,1,1,3,1,1,4,2,2,5,4,14,7,0,0,2,6,1,4,2,1,2,7,7,2,2,1,5,3,1,10,2,5,4,0,0,0,0,5,1,2,2,3,1,3,0,2,3,1,3,4,2,2,3,3,4,13,5,1,3,0,3,2,1,3,2,7,0,8,0,8,0,2,1,11,0,0,2,6,0,1,8,2,1,10,5,2,1,1,1,3,2,4,0,4,9,2,3,1,1,3,2,5,1,6,1,4,0,1,7,2,3,4,73,0,3,6,1,4,0,7,2,1,6,2,4,3,0,2,4,3,1,5,4,2,1,1,0,0,0,0,0,8,11,2,26,1,8,1,4,0,5,6,1,1,3,1,1,4,2,2,2,2,6,3,1,0,1,2,0,0,2,1,1,1,1,3,1,6,9,5,1,2,0,1,3,1,3,2,4,0,3,6,0,4,0,12,4,3,16,4,1,2,2,2,2,1,0,1,1,6,4,0,2,4,2,2,3,2,4,1,6,3,10,1,1,8,0,4,2
G[C>T]G,4,6,7,13,5,9,2,7,6,8,14,1,9,5,7,4,3,6,4,1,4,5,2,7,7,9,5,0,2,5,5,4,3,7,4,3,0,3,1,0,7,0,4,1,1,18,4,3,2,0,2,0,5,1,1,2,3,6,5,16,5,0,1,13,2,5,0,0,3,1,1,4,6,0,2,3,1,6,4,10,3,1,0,0,4,5,6,3,0,0,4,5,5,1,3,1,0,0,1,0,8,8,5,8,8,6,4,1,2,1,1,2,3,3,2,2,2,1,2,2,1,1,3,1,2,0,5,5,3,3,6,6,5,1,1,3,2,4,4,5,1,3,13,0,0,0,0,0,3,3,2,3,3,3,2,4,5,9,1,3,0,1,1,1,1,1,2,3,9,5,4,4,4,3,5,9,5,8,6,2,9,14,8,4,3,5,1,3,6,0,2,3,2,5,6,6,4,3,0,1,4,6,3,0,9,4,6,3,4,3,1,1,8,14,3,3,3,0,1,1,0,4,2,0,2,2,2,3,8,3,0,9,2,2,1,2,0,3,9,12,6,1,3,4,4,1,2,5,4,2,2,2,7,1,3,8,4,4,4,2,3,6,3,2,3,0,3,1,3,1,0,4,2,2,1,0,4,4,4,0,7,0,3,2,4,8,4,1,0,2,5,8,3,4,6,2,2,7,7,4,1,6,9,20,3,5,3,9,2,4,12,8,3,8,5,7,7,2,8,4,2,5,8,99,13,5,2,5,0,0,7,9,3,12,4,7,2,2,3,5,8,7,2,5,8,9,7,3,3,4,3,2,12,1,10,8,2,2,5,4,0,6,4,1,5,6,3,2,4,3,2,0,6,7,5,12,5,1,2,2,7,6,3,2,1,6,0,0,3,4,1,8,4,3,7,6,6,15,3,5,2,8,6,8,7,4,2,1,5,6,4,2,2,1,4,3,3,5,3,5,1,2,0,0,0,3,5,0,8,4,2,0,2,4,8,6,0,3,6,2,0,8,10,5,3,8,0,5,0,1,2,3,9,4,4,3,7,5,4,3,7,0,3,4,11,3,2,1,3,1,4,3,5,3,1,1,7,3,1,1,2,5,3,2,1,3,7,3,8,5,5,2,1,0,3,3,2,4,3,90,0,7,7,2,3,1,7,3,5,2,0,1,0,0,6,8,2,2,5,5,1,3,2,1,3,5,6,3,16,10,5,86,0,6,4,6,11,4,3,1,2,2,4,0,5,7,3,2,3,3,3,0,3,2,1,7,2,2,3,3,4,2,1,2,4,11,4,8,1,0,4,1,7,2,1,0,0,0,1,0,4,2,12,6,8,6,7,3,7,2,2,4,1,1,1,1,6,2,1,9,3,4,2,2,4,3,6,9,3,9,0,3,0,2,4,3
G[C>T]T,1,2,2,10,0,0,5,2,2,3,4,1,1,3,7,4,7,6,6,0,3,0,0,8,4,3,0,2,0,0,6,2,1,2,2,4,0,5,1,0,0,1,1,2,1,3,5,1,0,0,2,1,7,3,2,8,0,7,4,14,2,2,0,0,1,7,0,1,5,0,1,0,6,1,4,1,0,7,2,3,0,3,3,6,2,5,4,5,1,0,2,3,1,3,2,0,0,0,2,2,7,7,6,7,8,5,5,2,1,2,1,1,1,1,1,1,0,0,0,0,0,0,2,2,3,0,1,2,4,4,5,5,5,2,2,4,4,4,4,4,4,3,9,2,2,2,2,1,1,2,2,1,1,1,1,0,0,0,0,0,0,2,1,1,1,2,1,3,2,5,3,2,4,1,2,0,3,8,2,1,5,8,9,6,1,1,0,5,4,0,3,2,1,0,0,0,0,0,0,0,1,4,5,0,1,2,6,0,0,2,1,0,3,9,1,4,7,0,1,0,4,5,4,2,3,5,3,0,7,1,1,2,3,0,0,3,0,1,7,9,7,0,1,2,2,2,1,1,3,2,2,0,6,1,2,4,9,10,2,2,1,3,1,5,0,1,1,4,2,5,3,4,0,1,1,0,3,2,0,2,2,1,1,1,1,2,0,5,0,2,2,1,1,1,2,0,0,3,9,2,3,8,0,15,6,5,1,9,1,0,3,5,1,1,6,3,5,0,1,2,2,3,7,23,8,2,2,5,1,0,2,2,2,1,0,5,0,2,2,2,13,2,5,3,0,7,4,1,0,1,0,1,4,2,9,6,0,1,1,1,1,2,1,0,6,6,3,4,3,0,0,0,1,4,7,1,9,1,2,2,15,13,2,1,1,3,3,0,3,1,0,3,3,7,5,9,6,7,3,0,0,2,7,2,4,3,1,2,4,8,1,0,1,3,0,2,10,0,0,6,0,0,0,1,2,0,2,1,13,2,4,0,0,0,2,4,1,2,3,0,5,3,17,1,5,6,2,2,2,0,0,1,6,2,4,0,1,1,4,2,8,0,3,5,9,4,1,1,2,0,3,1,4,0,1,0,3,3,2,1,2,14,1,1,0,0,7,1,2,2,4,0,0,1,0,4,3,3,1,36,0,1,3,1,4,2,4,1,0,5,0,2,1,0,5,4,0,1,0,1,1,1,3,0,0,0,0,1,9,8,3,14,0,4,0,0,0,2,5,2,3,2,0,1,8,2,3,1,2,0,3,0,3,0,2,1,0,4,7,1,2,1,3,5,6,4,2,5,7,0,1,2,2,0,2,1,0,0,3,0,2,0,10,2,2,10,5,4,0,0,3,2,1,3,1,0,4,4,1,5,1,0,0,2,2,6,1,6,2,13,1,0,3,0,4,0
T[C>T]A,3,6,14,56,4,18,4,23,7,37,28,11,2,4,41,1,4,7,5,4,16,0,3,16,2,11,0,1,2,7,4,36,3,17,10,6,1,6,0,1,2,0,13,2,0,2,2,2,5,0,8,2,63,11,1,125,2,17,6,20,5,10,6,3,2,5,5,4,8,0,0,12,7,5,2,6,0,4,19,41,3,9,6,6,11,3,16,39,2,1,4,10,13,5,16,2,4,1,5,6,5,4,6,4,5,7,8,3,31,26,27,26,3,4,5,5,1,1,1,1,1,1,23,23,24,12,25,18,5,6,22,24,21,2,1,3,3,3,3,18,3,8,17,0,0,0,0,0,5,4,1,1,1,1,1,6,8,9,2,4,0,4,2,4,2,2,2,3,19,7,3,4,3,7,20,11,2,36,3,2,13,10,14,9,8,1,1,10,1,15,12,11,3,5,4,5,4,10,1,1,24,31,53,2,17,20,9,4,4,2,6,25,5,32,57,5,22,0,4,18,4,7,1,0,6,8,2,7,6,6,0,14,15,14,6,5,1,2,38,44,36,1,12,5,14,6,7,2,0,1,2,1,38,6,1,12,13,9,17,16,8,3,2,33,0,2,17,83,8,5,1,42,3,0,4,0,1,35,3,0,0,0,11,7,12,9,0,13,2,20,10,9,0,13,27,0,5,4,47,3,5,6,6,23,22,32,1,93,1,1,44,7,2,3,3,19,36,1,3,36,5,9,11,14,13,5,5,27,2,0,3,7,2,3,0,9,0,5,80,2,33,6,6,17,4,118,2,3,6,3,1,4,43,3,41,1,8,5,3,3,1,2,10,3,7,8,14,11,6,4,2,3,0,9,13,4,49,1,2,2,70,72,3,4,1,6,4,3,1,2,0,3,3,23,4,8,38,26,36,7,2,16,16,3,4,37,2,5,8,3,7,2,2,7,1,1,19,5,8,36,4,1,0,2,3,3,6,0,38,3,4,0,4,2,22,19,4,20,35,14,5,26,39,36,12,6,0,7,5,0,4,6,31,2,9,5,52,1,9,2,32,0,0,10,31,28,3,4,19,2,21,2,14,3,2,3,7,13,6,2,39,35,3,0,6,21,6,1,7,2,18,1,1,1,9,10,17,10,5,36,6,8,17,35,1,5,6,14,3,21,0,3,1,1,21,6,3,3,8,104,54,36,4,0,8,9,8,13,19,17,2,11,41,57,34,5,18,6,10,0,3,9,0,2,6,10,8,7,0,1,3,2,13,3,3,4,0,2,18,2,7,38,2,4,4,37,2,11,3,1,2,1,26,3,2,6,0,4,8,3,7,12,16,13,9,77,17,28,4,4,6,9,6,3,5,1,7,11,1,2,8,1,2,12,0,11,10,11,114,15,2,4,5,0,3,1
T[C>T]C,2,8,8,29,4,3,5,8,5,16,12,5,3,7,15,2,2,6,5,2,14,2,0,17,3,12,0,2,3,3,10,12,1,5,2,5,1,4,0,0,1,1,5,4,0,5,5,2,3,0,4,1,29,2,4,34,1,11,10,20,1,4,1,4,1,9,1,4,7,0,1,9,1,1,1,4,1,8,13,11,2,3,3,7,10,3,9,12,2,0,4,7,2,9,17,1,1,1,4,4,13,14,13,14,12,13,5,0,7,11,6,6,0,0,0,0,0,0,0,1,0,0,9,6,7,5,4,0,4,3,13,14,15,1,2,7,8,9,8,12,4,3,11,2,2,2,1,2,4,1,5,4,5,5,5,6,6,9,5,5,1,5,0,2,2,0,0,2,5,2,2,4,2,3,15,3,10,23,3,2,9,10,5,4,7,2,4,8,2,11,6,3,1,1,1,1,0,7,2,2,15,14,23,5,11,5,6,0,4,6,1,16,10,17,21,7,18,0,4,8,2,12,1,0,6,9,2,6,13,6,2,16,3,2,4,5,1,1,14,15,21,2,9,7,4,8,2,2,6,2,1,1,18,5,1,11,13,14,3,2,0,8,6,9,1,4,6,27,6,3,2,14,1,0,3,1,1,8,2,1,8,1,3,1,15,6,4,7,1,10,3,3,1,3,16,2,1,3,24,1,5,9,2,19,13,5,3,36,3,0,24,6,5,1,1,12,11,0,7,13,1,6,12,20,16,3,8,15,1,1,8,4,3,6,0,9,1,13,18,1,13,7,5,5,5,48,5,0,4,3,0,0,8,3,17,4,3,5,2,3,2,3,4,1,9,10,7,15,8,0,0,1,3,10,7,3,23,5,5,3,37,38,4,1,2,9,2,3,3,0,0,1,1,11,4,11,7,17,20,3,5,4,4,2,3,8,5,4,5,2,11,0,3,6,4,3,20,6,4,7,2,1,0,0,2,3,2,2,21,2,5,0,6,3,12,7,4,5,12,8,4,11,27,16,5,2,2,3,3,0,7,3,26,2,6,5,20,0,7,4,10,1,4,6,19,6,1,6,3,0,12,1,5,8,1,0,3,11,4,1,17,22,3,1,3,2,7,4,6,2,8,0,4,1,7,6,3,9,2,21,1,3,11,12,4,3,8,3,2,9,3,9,1,5,10,4,0,3,4,29,15,7,0,2,0,1,1,2,15,24,7,13,21,22,6,2,3,7,4,1,3,4,1,2,10,6,7,0,1,6,5,2,2,0,4,1,1,2,8,0,3,7,0,3,7,12,3,4,1,0,3,5,6,1,1,3,0,3,9,2,4,5,16,15,6,32,6,15,5,6,6,4,5,1,2,1,4,1,2,3,6,5,1,3,3,10,4,7,29,6,0,3,2,0,4,1
T[C>T]G,1,6,7,11,1,6,3,9,5,15,6,6,4,5,8,1,0,1,4,5,9,0,2,8,1,4,1,0,3,0,5,7,3,8,2,1,0,0,0,0,4,0,8,3,0,9,4,2,3,0,3,1,13,1,3,19,0,4,3,12,1,3,2,7,2,1,2,1,1,1,1,4,3,3,1,4,0,3,7,13,2,3,2,2,5,2,4,8,0,5,3,5,8,3,5,1,1,0,0,0,7,5,3,7,6,4,3,2,7,6,4,4,3,2,1,2,1,1,2,1,2,1,5,7,5,3,7,4,1,2,10,10,9,0,0,7,5,9,10,10,6,11,11,1,1,1,1,2,3,2,1,1,1,1,1,1,3,3,0,1,0,1,2,1,2,2,1,5,8,4,2,0,5,3,4,3,3,14,6,4,4,7,4,2,8,0,3,5,2,4,7,1,1,2,2,5,3,9,1,2,14,14,14,2,1,3,4,1,7,1,1,6,10,8,7,2,6,0,3,5,1,2,0,0,1,3,6,2,9,4,0,8,2,8,0,0,0,1,11,11,11,3,7,4,6,3,4,1,4,1,2,1,19,2,2,5,4,6,8,6,1,0,0,11,1,2,3,12,5,0,1,4,3,0,3,0,3,5,4,3,3,2,4,4,6,10,3,4,1,5,2,8,1,4,8,1,3,4,9,5,5,4,6,12,7,9,4,24,0,2,14,5,3,2,4,6,14,0,1,6,1,3,5,35,7,1,3,8,0,0,2,10,1,6,1,6,1,3,23,1,15,4,2,7,7,38,5,4,6,3,1,1,15,0,16,2,4,5,0,2,0,3,12,3,2,2,7,4,4,6,5,2,1,5,3,4,11,0,2,2,23,22,5,2,2,0,0,0,1,3,1,1,0,3,2,6,16,15,13,1,0,6,4,3,6,4,2,2,3,0,7,2,2,4,0,0,7,3,8,12,2,1,2,2,2,2,4,2,15,3,4,1,2,3,8,3,2,4,16,10,1,12,9,10,4,1,1,0,0,2,0,2,7,2,3,1,24,2,7,0,10,0,3,6,10,6,3,1,4,2,5,4,5,2,3,0,8,2,0,3,14,9,0,3,2,4,2,1,4,3,13,1,8,2,4,2,3,4,6,33,0,1,5,8,6,0,3,7,3,6,2,1,1,1,6,4,0,0,1,35,16,7,2,1,2,7,5,0,9,12,3,6,15,22,13,0,9,2,4,2,3,2,1,0,5,14,7,1,3,6,5,0,6,0,0,3,0,0,1,1,3,8,0,2,3,8,0,9,2,1,5,5,8,2,0,6,0,1,5,0,3,4,7,8,11,23,4,7,2,4,1,4,6,3,2,3,1,2,1,4,4,1,1,4,2,1,7,5,26,5,0,1,3,0,3,2
T[C>T]T,6,5,7,39,4,13,4,12,4,24,17,11,3,3,22,0,3,5,6,3,16,2,0,20,7,3,0,2,1,2,9,17,0,4,1,2,0,3,0,4,0,0,7,6,0,4,3,3,0,0,5,1,23,3,2,72,3,10,12,32,5,8,1,3,0,7,5,1,6,1,0,9,6,3,0,5,0,5,18,22,1,5,3,6,7,0,1,12,1,0,1,3,10,11,2,4,2,0,0,0,11,7,6,9,10,7,7,0,24,19,21,23,5,5,3,5,0,0,0,0,1,0,7,5,6,2,3,1,5,4,5,8,6,0,1,7,6,7,7,13,5,2,13,0,0,0,0,0,8,3,1,1,1,1,1,4,2,3,3,4,0,0,3,2,2,2,1,3,10,7,2,2,7,12,12,6,4,27,1,1,10,9,8,5,5,1,3,9,4,14,6,4,1,1,3,5,1,5,0,2,18,28,38,1,13,12,9,4,1,5,3,22,6,17,40,9,15,0,4,17,5,12,2,0,7,8,0,5,9,6,2,6,4,7,3,6,1,2,12,15,26,1,12,4,10,6,4,2,4,0,0,2,24,7,1,5,16,15,6,6,1,2,2,12,0,2,4,32,1,4,4,22,1,0,1,0,1,25,2,0,3,0,3,2,2,9,0,13,0,12,7,6,3,3,13,2,1,7,29,2,1,12,2,23,13,14,1,54,1,0,22,4,1,1,2,5,18,3,2,18,3,2,1,22,12,4,5,9,0,0,3,3,1,5,0,5,1,7,33,1,20,11,3,18,1,69,4,0,3,1,2,3,27,1,23,2,8,2,1,2,0,0,17,0,3,4,8,9,7,1,5,4,4,3,9,5,21,1,3,3,47,47,0,1,1,1,1,0,3,4,1,0,4,9,3,2,19,14,21,5,1,2,10,0,2,22,4,3,5,2,6,0,2,3,0,4,18,1,5,20,5,2,0,0,1,0,2,1,25,2,3,0,5,3,12,8,3,8,14,15,5,15,25,13,8,5,0,1,1,0,4,10,31,4,17,4,25,0,16,0,15,0,1,10,12,9,1,3,4,3,8,3,5,0,2,2,3,3,4,0,15,24,2,3,1,6,9,1,1,5,15,2,2,0,16,10,5,5,5,31,1,3,8,24,5,0,8,6,2,13,8,9,1,1,14,5,0,2,1,58,36,25,2,2,2,6,5,2,22,13,4,11,26,31,8,6,10,1,10,0,1,3,1,0,9,1,9,3,1,2,3,1,7,0,0,3,1,2,10,2,9,10,1,6,7,22,7,2,6,0,2,4,13,2,2,6,0,5,5,2,5,6,16,11,2,63,8,13,1,2,3,7,1,1,3,1,5,5,2,0,3,2,0,14,1,2,4,6,50,10,2,0,5,0,0,0
A[T>A]A,0,0,1,9,0,2,6,1,2,4,1,0,0,1,2,1,1,0,0,1,4,0,0,5,1,0,0,0,1,0,3,3,0,0,0,0,0,1,0,0,0,0,0,1,1,3,1,2,0,1,1,2,3,2,1,5,0,1,2,12,0,0,0,1,0,0,0,2,3,1,0,2,0,0,1,3,0,4,4,0,0,0,1,3,1,0,1,2,1,0,0,2,0,7,3,0,0,0,1,1,3,3,3,3,3,1,0,0,0,0,0,0,0,0,0,0,0,0,0,0,0,0,0,0,0,0,1,0,0,0,2,3,3,0,0,3,2,3,2,2,1,0,2,0,0,0,0,0,1,0,0,0,0,0,0,0,0,0,0,0,0,1,0,0,0,0,0,0,1,0,0,0,1,1,4,2,1,1,2,0,1,5,2,1,2,0,0,2,0,0,0,1,1,0,1,0,0,0,0,0,1,0,4,0,1,0,3,0,0,2,2,0,4,6,4,4,1,0,0,0,1,3,1,0,3,3,0,1,5,3,0,1,0,0,1,4,0,0,0,0,6,0,1,0,1,0,0,0,2,0,0,1,2,2,0,2,1,1,0,0,3,0,0,2,1,0,0,1,1,0,0,0,1,1,0,0,0,0,0,0,1,0,0,0,2,0,0,3,0,0,2,0,0,0,2,0,1,0,2,1,0,4,0,4,1,2,0,2,1,0,0,2,0,0,0,0,1,0,0,0,1,2,1,5,1,0,2,1,0,0,1,1,0,2,0,2,0,1,1,0,5,1,0,0,1,1,3,0,0,0,0,2,0,0,3,0,0,0,0,0,0,0,0,0,5,5,2,2,0,0,0,1,0,2,0,1,3,1,0,0,4,4,1,0,0,1,0,0,1,0,1,0,0,1,2,4,2,6,1,0,0,2,1,0,1,0,1,2,0,2,2,0,0,1,0,0,8,0,0,2,0,0,0,1,1,0,2,0,2,0,1,0,0,0,0,1,1,0,1,0,0,0,8,2,1,4,0,1,0,0,0,0,5,0,5,2,0,0,2,1,4,0,0,0,6,0,1,2,0,0,4,2,0,0,1,0,2,2,0,0,1,2,0,0,0,0,1,1,1,0,1,0,1,1,0,1,0,0,0,5,0,1,4,0,0,0,2,0,1,1,1,1,1,0,2,0,1,0,0,0,0,0,0,0,0,0,0,0,5,2,0,6,0,3,0,0,0,0,3,0,0,1,0,0,2,1,1,0,0,3,1,0,0,0,2,0,1,0,1,0,0,0,1,1,1,3,3,1,1,1,0,1,1,0,1,0,0,0,3,0,0,0,8,2,1,6,4,0,0,1,0,0,0,1,0,0,2,0,0,0,0,1,0,0,0,3,0,2,0,9,1,1,1,0,1,0
A[T>A]C,3,0,1,6,0,2,3,0,0,2,1,0,2,2,5,0,2,1,1,0,4,2,0,2,1,2,0,0,0,1,4,0,0,0,2,0,0,5,0,0,0,0,4,1,0,4,3,1,0,0,1,0,5,1,1,2,0,2,1,7,0,2,0,1,0,2,2,0,2,0,0,5,2,0,0,1,0,6,1,2,1,1,0,2,2,0,1,2,0,0,0,2,0,3,5,0,0,0,1,1,4,4,4,4,4,3,5,0,0,0,0,0,0,0,0,0,0,0,0,0,0,0,2,2,2,2,0,0,0,0,4,3,4,0,0,1,1,1,1,1,1,1,1,0,1,1,1,0,1,1,0,0,0,0,0,2,2,2,1,1,0,0,0,0,0,0,0,1,1,0,0,0,2,2,1,2,1,1,1,1,0,3,3,0,1,0,0,1,2,0,0,0,0,1,1,0,0,2,0,1,0,2,2,2,0,0,1,1,1,5,1,0,1,2,1,1,1,0,1,1,2,4,2,0,1,2,0,2,4,1,0,2,0,1,1,5,0,1,5,4,4,0,0,1,4,0,0,0,1,0,1,0,1,1,2,2,2,2,0,0,1,2,2,0,2,1,0,2,0,0,1,1,1,1,0,0,0,0,1,0,3,0,0,0,2,0,2,2,0,1,2,3,0,1,0,1,0,2,1,3,1,1,0,1,1,4,0,1,1,1,3,1,1,0,3,1,1,0,1,1,0,1,2,3,0,1,0,2,0,0,3,0,1,0,0,0,0,0,1,0,6,0,2,0,3,1,4,0,0,0,1,1,1,1,2,0,0,1,0,0,0,1,0,1,1,1,0,1,1,0,0,0,0,0,0,2,4,2,2,1,2,3,0,0,0,2,0,1,0,0,1,0,1,2,1,2,2,2,3,0,1,1,7,0,0,1,0,3,0,1,3,0,1,1,1,0,3,0,1,2,0,0,1,0,0,1,1,0,2,0,1,0,1,0,3,2,1,0,2,0,1,1,5,1,0,1,0,1,0,0,3,0,1,0,2,0,2,0,1,0,0,0,1,2,5,0,0,1,1,0,5,0,2,1,1,1,1,1,0,1,2,9,1,0,1,0,3,0,1,1,2,0,0,0,0,2,1,1,4,11,0,2,6,2,1,0,3,0,1,3,0,1,0,0,0,3,0,1,0,1,1,1,1,0,0,0,0,0,6,2,0,6,0,0,0,0,1,1,1,1,1,0,0,0,2,1,2,0,0,0,0,0,0,0,1,0,0,1,0,2,1,1,0,3,1,1,0,2,0,0,0,1,1,0,0,2,0,1,0,0,1,0,6,3,2,6,2,2,0,1,1,0,0,0,1,0,1,0,1,0,0,1,1,0,1,2,1,2,0,4,0,0,1,0,0,2
A[T>A]G,1,5,4,15,1,0,0,1,3,2,7,0,0,4,6,0,2,3,3,0,5,0,0,14,1,8,0,1,1,2,4,0,0,0,2,3,0,4,0,1,0,1,5,2,1,2,5,3,1,0,0,1,2,5,4,4,1,6,7,16,0,1,0,0,0,2,2,2,2,0,0,3,1,1,0,1,0,10,6,3,0,1,3,2,1,3,3,3,0,0,0,4,1,6,5,0,0,0,1,1,8,6,5,6,6,7,2,0,0,0,0,0,0,0,0,0,0,0,0,0,0,0,3,2,3,1,1,3,0,0,4,3,5,0,0,4,4,4,4,4,3,1,7,1,1,1,1,1,3,3,0,0,0,0,0,0,0,0,0,0,0,1,1,0,0,0,1,1,2,2,2,1,2,4,6,2,0,6,1,0,3,8,8,2,2,0,1,5,0,0,0,1,0,1,0,1,2,1,1,0,2,0,8,2,0,1,2,0,2,1,0,3,4,9,3,4,7,0,0,1,5,5,1,0,0,2,0,3,13,1,0,6,0,0,0,3,0,0,1,1,7,1,0,3,1,0,0,0,2,0,0,0,1,7,1,5,7,7,1,1,4,2,2,3,0,2,0,4,2,0,1,2,1,0,1,0,1,0,0,1,3,0,1,2,4,3,0,5,0,0,1,2,2,0,3,1,1,2,8,1,2,1,1,10,4,3,0,7,0,1,6,4,2,1,3,0,4,0,4,0,2,0,7,12,12,1,5,3,0,0,2,2,1,4,0,2,3,3,2,0,7,3,3,1,0,1,4,0,2,0,0,0,3,0,7,2,0,3,0,1,0,0,1,0,5,2,1,1,2,0,0,0,0,3,2,1,10,5,0,1,6,8,0,2,2,3,0,0,1,1,0,2,0,6,2,0,3,6,3,5,0,1,2,0,0,6,2,2,1,3,5,0,2,1,2,0,9,0,1,3,1,0,0,0,0,1,3,0,2,0,1,0,0,2,4,2,2,0,1,1,2,1,15,1,1,3,0,1,2,0,1,0,4,2,7,2,5,0,4,0,4,0,0,3,12,0,1,2,0,0,9,2,4,0,2,0,0,3,2,0,1,10,0,0,2,1,5,0,2,4,1,0,0,0,2,2,1,6,3,8,0,1,5,1,3,1,6,0,0,2,2,1,0,0,0,2,0,0,2,1,0,0,0,1,3,4,4,0,13,10,2,6,0,2,0,0,0,2,6,1,2,1,0,0,4,3,3,0,0,4,1,0,1,0,1,0,0,5,5,0,1,0,0,2,3,3,3,3,0,0,0,1,2,0,0,1,0,2,6,0,4,2,11,8,4,12,7,2,0,2,1,6,0,2,2,1,5,3,0,0,3,1,1,4,1,3,0,6,4,9,1,2,3,0,1,0
A[T>A]T,1,5,1,3,0,0,0,2,0,0,3,0,0,0,3,0,2,0,0,0,1,0,0,1,0,3,0,0,0,0,2,1,0,0,0,0,0,2,0,0,0,0,1,0,0,4,1,0,0,0,0,0,4,0,3,4,0,0,1,9,1,0,0,0,0,3,2,0,4,0,0,3,1,0,1,1,0,1,5,1,1,0,0,0,1,0,4,2,1,0,0,1,0,3,4,1,0,0,3,3,1,1,1,1,1,1,0,0,1,1,1,1,0,0,0,0,0,0,0,0,0,0,0,0,1,0,0,2,1,2,1,1,1,0,0,2,3,1,2,1,2,0,2,0,0,0,0,0,1,0,0,0,0,0,0,2,1,3,1,2,0,1,1,1,1,1,2,0,1,0,0,0,1,1,1,2,0,2,1,0,1,2,0,0,0,0,0,1,0,0,0,1,0,0,0,1,0,0,0,0,0,0,2,0,0,0,0,0,0,0,0,1,1,5,3,3,1,0,0,0,0,3,1,0,1,0,0,1,2,1,0,2,0,0,0,1,0,0,1,0,3,0,0,4,0,0,0,1,1,0,0,0,1,1,2,0,0,0,1,2,1,1,1,1,0,0,0,1,1,0,0,0,0,0,1,0,0,1,0,0,0,0,0,2,3,0,0,0,0,1,2,2,0,0,0,0,2,1,5,2,2,1,0,3,3,0,0,3,0,0,0,2,0,1,1,0,2,0,1,1,0,1,1,2,1,0,1,2,0,0,2,1,0,1,0,1,0,2,1,0,1,1,2,2,0,3,3,0,1,0,1,0,0,0,3,0,1,1,0,0,0,2,0,1,0,0,1,2,4,0,0,0,0,1,0,0,2,0,0,0,2,2,1,0,0,1,2,0,0,0,0,0,0,2,0,1,0,0,2,1,0,1,2,0,0,2,1,0,0,2,1,0,1,0,0,0,2,1,0,1,0,0,0,0,1,1,1,0,3,0,0,0,1,0,2,1,0,0,0,0,0,0,1,1,2,1,0,0,0,0,1,0,1,1,2,0,2,0,2,1,3,0,0,0,7,0,1,0,1,0,2,0,0,0,0,0,0,2,0,0,1,3,0,0,0,0,2,0,0,0,2,0,1,0,1,2,0,1,0,4,0,0,0,0,1,0,1,0,0,0,0,1,0,0,1,2,1,1,0,0,1,0,0,0,0,0,0,0,2,2,2,9,0,2,0,1,0,0,2,0,0,0,0,0,1,0,3,1,0,0,1,0,0,0,1,0,0,1,2,0,0,0,0,1,0,1,2,2,2,0,0,2,1,0,1,0,0,0,0,0,1,0,3,2,1,4,2,0,0,0,1,1,0,0,0,0,2,1,1,1,2,0,1,0,0,1,0,2,1,3,0,0,2,0,0,0
C[T>A]A,1,3,1,7,0,0,4,0,1,10,3,0,0,3,5,0,2,0,2,0,4,0,0,3,3,2,0,0,0,2,1,3,0,0,1,0,0,1,0,0,1,0,2,0,0,5,2,1,2,0,1,2,7,2,2,2,0,3,3,14,0,2,0,0,0,6,0,0,3,0,0,2,1,0,1,2,0,4,4,2,0,2,0,3,1,3,3,2,1,0,1,5,0,6,2,0,0,0,2,2,3,2,3,3,3,3,4,0,1,0,1,0,0,0,0,0,0,0,0,0,0,0,2,2,3,1,0,1,0,0,4,3,3,0,0,4,4,3,4,4,4,1,7,1,1,1,1,1,0,0,0,0,0,0,0,1,1,1,1,1,0,1,1,1,1,1,1,0,2,3,0,1,2,2,6,2,6,6,0,0,7,4,4,1,1,0,1,2,0,0,0,1,0,1,0,2,0,0,0,0,0,0,3,3,0,2,4,0,0,5,0,5,3,7,3,2,6,0,1,0,2,6,1,0,1,3,0,0,8,2,0,5,2,1,0,2,0,0,0,1,7,0,3,0,3,1,0,0,0,0,0,0,8,2,1,3,5,5,0,0,0,1,1,2,0,0,1,0,1,0,0,1,0,0,0,0,0,0,0,0,1,0,0,0,2,0,0,2,0,0,3,1,0,0,1,1,0,0,9,3,1,3,0,5,1,2,0,6,2,0,1,2,0,1,1,2,3,0,4,1,0,1,2,6,4,2,3,1,0,0,1,0,1,3,0,2,0,4,0,0,4,2,1,2,1,1,2,0,0,0,0,1,1,0,4,1,0,0,0,0,0,0,0,0,3,4,2,4,5,0,0,0,1,1,2,1,7,1,0,0,3,4,0,1,1,1,1,0,0,0,0,0,0,5,4,3,1,5,2,1,0,3,2,0,0,0,0,2,4,3,1,0,1,1,0,0,6,0,0,7,1,0,0,1,1,0,1,0,6,0,1,0,1,2,2,1,1,0,1,2,1,0,12,0,1,2,1,1,0,0,3,1,1,0,2,1,0,0,3,0,2,0,0,1,10,1,1,3,0,0,7,2,3,2,0,0,1,2,2,0,1,10,0,1,0,0,3,0,1,1,4,2,1,0,1,3,1,1,3,2,1,2,6,1,2,0,5,0,0,0,0,1,0,0,0,2,0,0,1,1,0,0,1,0,0,0,0,0,5,6,3,6,0,2,0,0,0,2,4,0,1,2,0,0,0,2,1,0,0,1,0,0,2,0,3,0,0,1,2,0,2,0,0,1,3,2,4,3,1,0,0,0,1,0,1,2,0,1,2,0,1,0,10,5,4,2,3,1,0,1,0,2,0,0,0,0,3,0,0,0,1,0,1,2,0,2,0,3,1,3,1,1,1,1,0,1
C[T>A]C,2,1,3,22,1,1,3,0,2,3,13,0,2,4,6,2,2,2,3,0,6,0,0,7,3,6,0,0,1,1,4,4,0,0,0,1,0,2,1,0,0,0,1,2,1,4,3,1,1,0,0,0,7,4,3,6,0,6,5,22,0,0,0,1,0,3,1,2,5,0,0,4,0,2,1,0,0,2,3,2,1,1,2,6,1,1,4,1,0,0,0,1,1,7,5,0,0,0,1,0,6,5,3,6,4,5,0,0,0,0,0,0,0,0,0,0,0,0,0,0,0,0,1,1,1,0,0,2,1,1,7,7,8,0,0,2,2,1,2,2,2,0,6,0,0,0,0,0,2,2,0,0,0,0,0,1,1,1,0,0,0,4,0,0,0,0,0,1,4,4,1,2,2,0,6,4,3,10,2,0,1,10,6,0,0,0,1,3,0,1,2,1,0,1,0,4,0,4,0,0,4,0,6,4,0,1,6,0,1,3,0,4,7,10,7,4,2,0,3,0,0,8,0,0,7,7,0,1,17,1,0,5,0,1,0,1,0,1,9,9,2,0,0,3,8,1,0,0,3,1,0,0,6,2,1,2,3,2,2,1,0,2,2,0,0,0,0,3,5,1,1,3,0,0,1,0,0,0,1,0,3,0,1,2,8,6,1,3,0,1,8,2,0,0,5,2,0,1,4,1,1,3,1,16,4,1,0,9,0,0,5,4,1,0,3,2,5,0,3,3,3,0,6,9,7,2,3,4,1,0,3,0,2,4,1,3,0,6,1,0,8,0,1,0,1,1,5,1,1,0,0,0,1,0,10,1,2,1,0,0,0,1,0,0,2,2,2,2,0,0,0,0,0,2,2,3,11,2,1,1,6,6,1,0,0,3,1,0,2,1,0,1,0,5,2,4,3,8,4,3,1,1,5,0,1,2,0,1,6,4,3,2,1,1,1,1,8,1,2,2,2,0,0,0,1,1,2,0,5,0,5,0,1,1,3,3,1,0,2,4,2,2,8,1,3,0,0,0,0,0,3,2,10,3,6,2,2,0,2,1,8,0,0,2,16,0,2,1,1,0,14,4,3,2,1,0,1,2,0,2,1,11,0,0,0,1,4,0,3,3,1,0,1,0,0,7,1,3,5,2,1,0,7,1,1,2,5,0,0,3,0,2,1,0,1,5,0,3,0,0,0,0,0,1,0,0,0,1,20,1,7,5,0,1,0,0,0,1,5,1,3,0,0,0,5,4,4,2,0,3,2,0,0,0,0,0,0,1,3,0,1,1,0,1,1,5,5,6,0,0,0,1,1,0,1,2,0,2,6,0,3,1,16,5,4,10,3,2,0,1,0,3,0,0,0,0,4,0,0,0,1,0,0,4,0,3,0,6,1,10,1,4,2,0,3,0
C[T>A]G,4,10,8,51,7,2,17,4,4,16,18,1,5,7,39,7,5,5,6,1,21,0,1,23,4,12,0,2,2,3,12,6,0,0,1,3,0,1,1,1,2,2,7,2,0,9,12,7,6,0,5,7,32,6,4,22,1,9,16,76,1,5,2,1,0,8,2,5,25,0,0,12,3,4,1,5,0,17,12,4,0,6,3,12,4,6,9,22,8,2,1,10,0,23,18,0,1,0,0,1,26,25,23,22,24,22,11,0,3,3,2,3,0,0,0,0,1,1,1,1,1,1,16,16,16,13,4,5,4,4,25,23,24,0,0,14,14,13,13,13,11,1,35,0,0,0,0,0,5,8,0,0,0,0,0,4,3,4,3,3,0,6,0,0,0,0,0,3,10,9,1,0,11,8,11,7,12,12,4,10,21,12,12,4,6,1,0,15,3,0,6,9,0,7,0,4,4,4,1,0,7,0,25,7,0,6,14,0,5,8,4,12,23,22,15,15,16,0,2,0,11,19,1,0,5,6,2,5,37,4,1,12,0,1,0,8,1,0,17,20,33,0,6,11,15,0,0,0,4,0,4,0,24,13,3,5,11,10,3,1,8,2,3,14,0,5,2,3,18,3,2,2,3,0,0,0,0,0,5,0,15,0,1,7,3,1,1,5,0,0,9,3,6,2,0,2,6,0,29,6,2,10,7,36,13,5,0,29,0,0,12,16,2,2,20,3,12,0,12,2,1,7,21,36,20,3,7,15,1,0,9,3,4,9,0,16,1,12,1,1,34,8,8,9,4,6,13,0,0,1,0,1,11,0,15,8,3,5,1,0,0,2,0,0,13,13,3,11,10,0,0,0,2,18,17,5,19,7,7,7,15,17,1,4,4,9,2,0,3,2,0,1,1,16,7,6,13,38,15,3,1,3,11,0,0,3,11,3,13,22,5,0,1,4,1,0,25,1,2,18,2,0,0,1,2,0,10,0,20,0,7,0,9,6,6,13,5,1,5,3,1,2,36,6,2,9,1,5,0,0,10,0,20,2,9,8,5,1,14,2,12,1,0,5,39,0,5,4,5,1,21,6,3,1,4,1,3,5,3,0,0,46,0,0,0,1,22,0,2,7,16,0,5,0,2,8,6,7,6,11,0,4,17,6,6,2,8,1,1,12,2,2,0,0,3,13,0,3,3,1,1,1,1,1,2,3,3,3,47,25,6,12,1,6,0,1,2,4,14,7,4,10,0,0,7,9,4,0,0,10,0,1,0,0,5,0,0,5,9,1,3,0,0,10,10,10,16,10,1,2,1,4,0,0,0,10,0,4,10,0,14,4,49,14,7,39,6,6,1,5,1,7,0,4,2,0,9,10,1,1,12,4,4,8,1,14,3,4,5,40,1,9,10,1,2,4
C[T>A]T,0,3,3,15,0,1,0,2,0,5,6,0,0,4,6,2,2,1,3,0,4,0,0,7,3,4,1,1,0,1,9,3,0,0,1,1,0,3,0,3,2,0,2,1,0,2,3,2,2,0,0,2,13,2,5,8,0,10,7,18,2,0,0,3,0,4,1,0,3,1,0,6,0,0,1,2,0,8,6,3,0,0,2,4,2,1,5,4,1,0,3,2,0,8,4,0,0,0,1,1,4,4,5,4,4,7,3,0,1,2,1,2,0,0,0,0,0,0,0,0,0,0,1,1,1,1,0,0,0,0,3,3,3,0,0,5,5,4,5,5,4,2,14,0,0,0,0,0,2,3,1,1,1,1,1,0,0,0,0,0,0,1,0,0,0,0,0,1,4,2,0,2,2,2,2,2,3,9,3,0,8,6,4,1,1,1,0,2,1,0,4,2,0,1,0,3,3,2,0,1,2,1,10,0,0,0,3,0,1,4,2,4,4,8,13,7,5,0,0,0,1,9,0,0,2,5,1,2,16,2,1,4,0,0,1,2,2,0,7,6,7,0,0,3,2,0,0,1,1,3,1,0,5,1,1,4,3,5,0,0,2,3,4,2,0,2,0,5,4,0,0,0,0,0,1,0,0,0,0,0,5,0,0,2,0,0,0,4,0,1,1,1,0,0,1,0,0,1,9,0,1,0,1,12,8,0,0,7,2,0,4,2,1,0,3,1,5,0,0,1,2,1,3,8,8,2,3,5,1,0,0,1,1,4,0,6,1,1,0,0,10,2,2,3,3,4,8,0,1,0,0,0,2,0,4,0,1,0,0,0,0,0,0,1,1,1,1,3,7,0,0,1,1,2,3,3,14,0,0,1,11,10,1,1,1,2,0,0,1,0,1,1,0,8,3,6,6,10,3,1,1,1,2,0,0,1,0,0,2,2,1,0,1,0,0,0,10,1,0,4,2,1,0,0,1,0,4,0,5,0,2,0,1,0,5,1,0,1,3,1,1,0,19,0,1,4,0,4,0,0,1,0,7,3,5,2,0,0,3,0,3,0,1,2,15,0,1,2,0,0,9,1,5,0,0,0,2,5,3,0,2,17,1,0,0,0,8,0,2,1,11,2,2,0,0,6,3,2,0,8,0,1,4,0,2,0,5,0,0,2,1,3,0,0,1,4,0,0,0,0,0,0,0,0,0,0,0,2,11,5,2,6,0,2,0,3,1,2,2,1,1,2,0,0,6,4,1,0,1,1,3,1,0,0,0,1,0,0,7,0,2,0,1,2,4,4,4,2,2,1,0,1,1,0,0,2,0,1,3,0,1,0,9,10,4,11,1,5,1,1,1,2,1,1,0,0,4,1,1,1,5,2,0,4,0,7,1,3,1,9,1,0,5,0,1,1
G[T>A]A,1,2,1,7,1,1,4,2,1,5,7,1,0,1,8,2,0,0,1,0,3,0,0,5,3,3,0,0,0,0,4,1,0,0,0,2,0,2,0,0,0,0,3,0,0,4,4,3,2,0,0,0,3,4,0,1,1,1,7,16,0,2,1,0,0,2,3,0,4,0,0,2,0,0,1,0,0,8,3,4,0,0,1,4,0,0,2,1,1,0,0,0,1,3,0,0,0,0,1,1,6,3,5,4,5,6,3,1,0,0,0,0,0,0,0,0,0,0,0,0,0,0,2,1,3,2,1,0,0,0,7,7,6,0,0,3,3,3,3,3,3,0,2,0,0,0,0,0,1,1,0,0,0,0,0,0,0,0,0,0,0,1,0,0,0,0,0,1,1,4,1,1,3,2,0,0,6,5,2,1,2,2,2,2,1,0,3,6,0,0,5,2,0,1,1,0,2,1,0,0,2,0,0,0,0,0,4,0,0,2,1,4,6,6,7,5,2,0,2,0,0,7,0,0,2,1,0,1,6,0,1,1,1,0,1,3,0,0,4,5,2,0,0,3,2,0,0,0,1,0,0,0,5,2,0,2,2,2,0,0,1,0,0,0,0,0,0,0,3,2,2,0,0,0,1,0,0,0,0,0,2,0,1,1,1,4,0,2,1,1,0,1,1,1,0,1,0,0,7,1,5,4,1,6,4,0,0,2,1,0,4,3,2,1,3,2,1,0,4,0,1,1,3,5,3,0,1,3,0,0,0,0,2,1,0,0,0,0,1,0,9,1,2,0,0,0,5,0,0,0,0,1,0,0,7,2,1,2,0,1,0,0,0,0,1,1,1,2,2,1,1,0,1,1,3,1,7,0,0,0,3,3,0,2,2,3,0,0,2,0,1,0,0,3,0,2,4,6,1,1,0,0,0,0,0,0,5,0,0,2,1,0,1,0,0,0,3,1,1,4,1,0,0,0,0,0,2,0,1,0,1,0,0,0,0,1,0,1,2,0,0,0,9,0,2,2,1,0,0,0,2,0,9,1,2,2,2,0,0,0,4,0,3,4,6,0,0,1,0,1,3,0,1,1,1,0,1,1,1,0,0,7,0,0,0,0,3,0,2,0,3,1,1,0,0,2,2,2,0,4,0,1,8,0,3,1,0,0,0,2,3,3,0,0,3,4,0,0,1,0,0,0,0,0,0,0,0,0,6,3,1,6,1,3,0,0,1,4,1,1,3,0,0,0,1,1,1,0,2,2,0,0,0,0,0,0,0,0,3,0,0,1,0,2,1,0,1,3,1,0,1,2,1,0,0,2,0,2,2,0,2,0,11,6,2,4,3,0,1,0,0,3,0,0,0,0,3,1,0,1,2,1,0,1,0,3,0,2,2,12,1,0,0,0,2,0
G[T>A]C,1,0,0,6,0,0,4,0,2,1,4,0,0,3,3,1,2,0,0,0,1,0,0,6,0,3,1,0,1,2,2,2,0,0,1,1,0,0,0,0,0,0,1,1,0,2,1,2,1,0,0,1,6,2,0,4,0,2,8,8,1,0,1,2,0,1,2,1,1,1,0,1,1,0,1,0,0,3,6,0,0,0,2,1,2,1,2,2,1,0,1,3,1,1,2,1,0,0,1,1,3,2,3,2,2,0,0,0,0,0,0,0,0,0,0,0,0,0,0,0,0,0,2,2,1,1,0,0,0,0,4,4,3,0,0,1,1,1,1,1,1,0,3,0,0,0,0,0,1,2,0,0,0,0,0,2,2,2,2,1,0,6,0,0,0,0,0,0,0,2,1,0,1,0,1,0,0,3,0,2,1,2,0,0,1,1,0,0,0,1,0,2,0,2,0,3,0,0,1,0,0,2,0,1,0,1,4,1,1,1,0,3,6,2,3,0,3,0,1,0,1,5,2,0,1,2,2,0,8,0,1,3,0,1,0,1,0,0,2,3,3,0,4,0,0,0,0,0,0,0,0,0,3,2,0,4,1,1,0,0,4,0,0,3,0,0,1,2,0,1,0,0,0,0,0,0,0,1,1,1,2,0,1,0,5,0,0,0,1,1,0,2,0,0,1,0,2,2,1,3,0,2,0,7,2,1,0,3,2,0,3,0,3,0,1,1,1,0,3,0,1,0,1,4,5,0,1,3,0,0,1,0,3,1,0,2,1,2,1,1,6,4,5,1,1,2,4,0,0,0,0,0,2,0,4,1,0,0,0,0,0,1,0,1,3,3,1,3,0,0,0,0,0,4,1,1,2,0,0,0,6,6,2,0,0,1,0,1,0,0,0,1,1,2,0,1,3,9,3,0,1,0,0,0,0,0,0,0,2,0,3,1,0,3,1,1,3,1,1,0,1,0,0,0,1,0,1,0,1,0,0,0,1,0,1,3,1,0,2,1,0,0,8,0,0,2,0,1,2,0,0,0,3,1,4,0,1,0,0,0,5,0,0,2,10,0,1,1,0,1,6,0,0,2,0,1,0,2,2,0,1,6,1,0,0,0,1,1,1,2,2,0,2,0,2,5,1,1,0,6,0,3,2,0,0,0,3,1,0,3,1,1,0,0,0,0,0,1,1,0,0,0,0,0,1,1,1,0,5,5,0,5,0,0,0,0,0,0,2,1,1,1,0,2,1,2,2,0,1,1,1,0,0,0,0,0,1,1,2,0,0,0,0,1,1,2,1,2,0,2,0,1,0,0,0,0,0,1,5,0,4,2,12,3,3,2,0,0,0,2,0,1,0,1,2,0,3,0,0,0,0,0,1,0,0,4,0,2,1,8,1,2,2,0,0,1
G[T>A]G,4,4,1,12,2,4,4,2,3,7,5,1,0,2,12,5,1,2,3,0,6,0,1,6,5,10,0,0,2,1,1,0,0,0,1,3,0,2,0,2,1,0,1,3,0,2,4,1,4,0,0,2,6,2,1,14,0,4,6,16,2,0,0,0,0,4,1,0,8,0,0,3,2,0,0,1,0,8,7,1,2,2,3,6,1,6,4,3,0,0,0,0,0,8,4,0,0,0,4,4,7,7,6,8,7,5,7,0,0,0,0,0,1,1,1,1,1,1,1,1,1,1,3,3,3,1,0,3,0,0,5,7,6,0,0,6,6,6,6,6,5,0,9,0,0,0,0,0,2,6,0,0,0,0,0,1,1,1,1,1,0,3,1,1,1,1,0,1,3,2,0,3,5,3,3,6,4,6,7,2,6,8,8,3,1,0,1,3,2,0,5,1,0,2,0,1,2,1,0,0,1,0,3,1,1,0,5,1,3,3,2,3,3,9,4,3,4,0,2,0,1,9,1,0,1,2,0,2,11,6,2,5,0,1,0,3,1,1,5,7,7,0,5,3,4,2,0,0,4,0,0,0,10,3,2,7,7,7,0,0,1,1,1,6,0,0,0,5,5,1,1,3,0,0,1,0,0,1,2,0,2,0,0,1,9,1,0,5,0,4,1,0,2,0,2,0,2,3,12,1,3,1,0,13,3,1,0,11,0,0,7,7,2,1,7,0,4,0,4,1,0,3,4,8,7,2,0,6,1,0,0,3,1,4,0,5,1,2,1,1,8,2,3,3,2,0,8,1,0,0,0,0,2,0,11,4,1,0,1,1,0,4,0,1,8,8,0,5,5,0,0,1,1,5,5,4,10,1,1,1,13,15,0,1,1,8,0,0,0,0,0,0,0,5,3,1,7,9,3,1,2,1,5,0,0,1,6,3,0,3,2,0,1,3,0,0,12,1,3,4,1,0,0,0,0,0,4,0,1,0,3,0,0,0,1,2,1,1,6,0,0,0,18,2,2,0,0,3,1,0,3,1,12,0,7,0,2,0,4,0,4,1,0,4,7,1,3,0,1,0,10,2,1,1,3,0,1,3,2,0,0,10,0,0,1,0,6,1,3,4,6,0,3,1,2,5,4,4,2,7,1,2,5,0,2,0,3,1,1,3,1,0,0,0,3,4,1,3,0,0,0,0,0,0,0,0,0,0,12,12,3,4,1,3,0,1,0,0,4,1,1,0,0,0,8,4,1,1,0,1,1,0,1,1,4,0,0,4,4,0,3,0,0,2,3,2,3,10,0,0,0,1,2,1,1,3,0,1,7,0,1,1,15,9,2,7,5,2,1,1,2,3,1,1,0,0,4,4,1,2,2,3,0,5,0,4,0,4,1,10,1,0,4,0,2,1
G[T>A]T,1,2,2,2,2,2,2,0,1,3,0,0,0,1,5,0,1,3,2,0,1,0,0,2,2,2,0,0,0,0,5,0,0,0,0,1,0,1,0,1,1,1,0,0,0,1,3,1,0,0,0,0,9,1,1,3,1,2,1,5,1,0,1,1,0,2,2,0,2,0,0,0,1,0,0,1,0,3,4,1,0,0,2,1,3,0,2,1,0,0,0,0,0,3,1,0,1,0,1,1,1,2,1,2,2,2,1,1,0,0,0,0,0,0,0,0,0,0,0,1,1,0,3,3,3,2,0,0,1,1,4,4,4,0,0,4,4,4,4,4,3,0,2,0,0,0,0,0,0,1,0,0,0,0,0,1,1,2,1,1,0,0,0,0,0,0,0,1,0,1,0,0,1,5,4,3,1,10,0,0,2,0,2,1,0,0,0,2,0,0,0,3,0,1,0,0,0,3,0,0,0,0,3,0,0,0,2,0,0,2,0,4,6,4,1,5,3,0,0,0,1,3,0,0,1,4,0,0,6,2,0,2,0,0,0,2,0,0,3,3,2,0,2,1,0,0,0,0,0,0,0,0,2,2,0,1,6,6,0,0,5,3,3,2,0,0,0,0,2,1,1,1,0,0,0,0,0,0,0,0,1,0,0,1,3,3,0,1,0,1,2,2,1,0,0,1,1,1,1,1,1,1,1,9,1,2,0,5,0,0,0,1,0,0,0,0,2,1,2,2,2,1,6,6,6,0,0,1,0,0,1,0,0,3,0,2,0,1,0,0,5,2,1,1,1,2,3,0,0,0,0,0,0,0,1,1,1,2,0,0,0,0,1,1,0,0,0,0,2,0,0,0,0,2,1,0,2,0,1,1,1,2,1,0,0,0,1,0,2,0,0,0,0,0,1,2,2,2,0,0,1,1,2,0,0,0,0,0,1,0,1,0,1,1,0,1,1,1,0,1,1,0,0,1,0,0,2,0,5,0,3,0,0,1,1,0,1,0,0,0,0,1,9,1,2,2,0,0,0,0,2,0,2,1,2,2,1,0,1,1,1,0,1,1,3,0,1,0,1,0,1,0,0,1,0,0,0,4,1,0,1,7,0,0,0,0,5,0,0,0,2,0,0,0,0,4,0,2,0,1,0,0,4,0,1,2,1,0,0,2,0,0,0,0,1,4,0,0,1,0,0,0,0,1,0,1,1,1,5,3,3,5,0,2,0,1,0,1,1,2,2,0,1,0,2,1,1,0,0,1,1,0,1,0,0,0,0,0,1,0,1,0,0,1,1,0,0,0,1,0,0,0,1,0,1,3,0,1,1,1,0,0,2,3,5,4,0,2,0,3,0,0,0,0,0,1,0,0,0,2,2,0,0,2,0,4,0,1,0,4,0,0,1,0,0,0
T[T>A]A,0,2,0,6,0,0,3,2,1,3,3,0,0,0,2,0,1,2,1,0,1,0,0,3,1,4,0,1,0,0,3,1,0,0,0,0,0,1,0,1,0,0,0,0,0,1,1,3,0,0,0,1,8,1,0,3,0,0,5,5,1,0,0,0,1,7,0,1,2,0,0,0,0,0,0,2,0,2,0,1,0,0,3,0,1,3,1,1,0,0,0,0,1,2,1,0,0,0,0,0,0,0,0,0,0,0,0,0,0,0,0,0,0,0,0,0,0,0,0,0,0,0,1,1,1,1,0,0,0,0,4,3,3,0,0,3,4,3,4,4,3,2,3,0,0,0,0,0,3,2,0,0,0,0,0,0,0,0,0,1,0,1,0,0,0,0,1,1,1,1,0,0,0,0,4,0,3,3,4,0,4,5,3,0,0,0,0,1,0,1,2,2,0,0,0,0,0,1,0,0,0,0,2,2,0,0,1,0,2,0,0,2,2,2,2,1,1,0,0,0,1,2,0,0,0,0,0,0,2,1,1,0,0,0,0,2,0,0,2,2,3,0,2,1,4,0,0,0,0,0,0,0,2,1,1,1,0,0,2,1,1,2,2,0,0,0,0,1,1,0,0,0,1,0,0,0,0,0,0,0,3,0,0,0,1,1,0,1,0,0,1,0,0,0,2,0,1,0,3,1,1,0,1,3,2,0,0,5,0,0,0,0,0,1,0,0,2,0,2,0,0,0,4,2,0,1,1,0,0,0,1,0,0,0,0,0,0,0,0,0,2,0,1,2,1,0,1,0,0,0,0,1,0,0,3,0,0,0,0,0,0,0,0,0,2,2,1,2,1,1,1,0,1,0,0,3,1,2,0,0,3,4,0,1,1,1,0,1,0,0,0,0,0,2,0,0,1,2,1,1,0,3,2,0,0,0,0,0,2,4,0,0,0,1,1,0,0,0,0,0,1,1,0,0,1,0,1,0,0,0,1,0,0,0,1,0,2,0,1,1,0,0,10,1,0,3,0,1,0,0,1,0,3,1,3,0,0,0,1,0,2,0,0,0,2,0,0,0,1,0,5,0,0,0,0,0,3,0,2,0,1,4,0,0,1,0,3,0,2,0,1,0,0,0,1,3,1,0,0,3,0,2,1,1,2,0,0,0,0,1,0,0,0,0,2,3,0,0,0,0,0,0,0,0,0,0,0,0,7,2,1,1,0,2,0,0,0,0,0,0,0,0,0,0,0,0,1,1,0,0,1,0,1,0,0,0,0,2,0,0,0,0,1,1,1,1,1,2,1,1,0,1,0,0,0,1,0,1,0,1,1,0,7,6,1,5,0,0,0,0,1,0,0,0,0,0,1,0,1,0,2,1,0,2,0,1,0,2,1,4,0,0,0,0,0,2
T[T>A]C,3,0,1,4,0,2,3,0,4,3,6,0,1,2,5,0,2,1,3,0,2,0,1,5,0,1,0,0,0,0,1,1,0,0,0,0,0,0,0,0,0,0,0,0,0,3,0,2,0,0,0,1,5,1,0,8,0,1,4,4,0,2,1,0,0,2,1,0,3,0,0,0,2,0,0,0,0,4,2,1,0,2,0,1,2,1,1,2,0,0,2,0,0,2,2,0,1,0,0,0,8,7,7,8,8,5,0,0,0,0,0,0,0,0,0,0,0,0,0,0,0,0,0,0,0,0,1,0,0,0,1,1,1,0,0,1,1,1,1,1,1,0,7,0,0,0,0,0,2,5,0,0,0,0,0,0,0,0,0,0,0,1,0,0,0,1,0,0,2,1,0,1,1,1,1,2,3,1,1,1,3,3,0,0,0,0,1,3,0,0,0,2,0,1,0,1,2,0,0,0,0,0,3,0,0,3,2,0,1,3,0,0,1,2,6,3,5,0,0,0,3,4,0,0,1,1,0,1,9,1,0,4,0,0,1,1,0,0,1,2,4,0,1,1,2,0,0,0,0,0,0,0,4,2,0,3,1,1,0,1,0,1,1,4,1,1,1,1,4,0,0,0,0,0,0,0,0,0,0,1,1,0,0,0,2,1,0,0,0,0,1,0,1,2,1,1,1,1,4,0,0,4,0,6,2,1,0,6,1,0,1,2,0,0,3,0,2,0,0,1,1,2,6,8,3,1,2,1,0,0,1,1,0,1,0,1,0,0,0,0,5,3,1,1,0,2,0,1,0,0,0,0,2,0,6,0,0,0,0,1,0,1,0,0,0,0,0,2,2,0,0,0,2,1,4,0,2,0,0,0,5,5,0,1,1,2,0,0,0,0,1,0,1,2,1,2,2,3,2,1,0,2,1,0,0,1,0,1,3,2,2,1,0,1,0,0,3,0,0,0,0,0,0,0,1,0,0,0,0,0,2,0,0,1,0,2,2,0,0,0,0,0,8,0,1,1,0,0,0,0,1,0,2,1,3,0,1,1,3,1,6,0,1,0,7,0,2,3,0,0,2,1,1,2,0,1,1,0,1,0,0,10,0,0,0,0,1,0,2,0,4,0,1,0,1,3,1,2,0,3,0,0,4,0,0,0,2,0,0,2,0,1,0,1,0,1,0,0,0,0,0,0,0,1,1,1,1,2,5,3,1,4,0,4,0,2,1,1,2,0,1,0,0,0,0,1,1,0,1,0,2,0,0,0,0,0,0,2,0,0,1,0,0,2,2,3,1,2,1,0,1,4,1,0,0,1,0,2,2,1,2,1,4,0,2,8,0,2,0,0,0,0,0,0,0,0,0,1,0,1,0,0,2,2,0,3,1,0,2,2,0,1,0,1,0,1
T[T>A]G,3,3,1,8,0,1,2,1,4,7,7,0,2,1,9,0,0,3,3,1,11,0,1,6,4,7,0,0,0,1,4,2,0,0,1,1,0,2,0,0,1,0,1,0,1,1,1,2,1,0,1,2,3,3,0,1,3,0,8,16,3,0,2,0,0,1,2,0,5,0,1,3,2,1,0,1,0,5,4,2,1,0,2,3,1,2,4,2,0,1,0,0,0,7,6,2,0,0,1,1,5,5,5,5,6,5,1,0,2,2,2,2,0,0,0,0,0,0,0,0,0,0,4,4,4,2,0,1,0,0,6,5,4,0,0,3,3,2,3,3,3,0,2,0,0,0,0,0,3,0,0,0,0,0,0,2,3,3,1,3,0,3,0,0,0,0,0,1,1,2,1,3,1,0,4,4,5,7,3,4,4,4,4,2,1,0,0,1,2,0,1,2,0,0,0,1,0,3,1,0,2,0,2,1,1,0,1,0,3,5,1,1,5,8,5,5,2,0,0,0,2,7,0,0,1,1,0,1,12,1,0,6,0,1,0,2,1,0,2,2,6,0,0,2,4,0,0,0,2,0,1,0,4,2,1,2,3,3,1,1,3,2,2,3,0,1,0,2,1,0,1,1,0,0,0,0,0,0,2,0,6,0,4,1,6,0,0,2,0,0,2,1,2,0,0,2,1,0,8,4,2,4,1,11,3,0,0,8,0,0,4,4,1,0,5,1,2,0,3,2,0,1,6,7,6,1,2,4,0,0,3,2,1,2,0,3,0,2,1,0,4,4,3,1,2,0,2,0,0,0,0,0,1,0,6,4,0,0,0,0,0,2,0,1,4,4,1,4,0,0,0,0,0,5,1,0,4,3,1,1,8,9,1,0,0,1,0,1,2,1,0,0,0,7,1,3,4,11,7,0,1,3,3,0,0,2,0,0,2,4,3,1,0,2,0,0,4,1,0,4,1,0,0,0,0,0,0,0,2,0,1,0,1,0,2,1,0,2,3,1,0,0,12,2,0,1,0,0,0,0,0,0,7,1,6,0,1,0,0,1,9,0,0,0,7,0,1,2,0,0,3,0,3,0,1,0,1,2,0,0,1,6,0,0,0,0,5,0,0,0,3,0,0,0,1,4,1,4,0,7,0,0,3,1,1,0,3,0,0,5,0,0,0,0,2,5,0,0,2,0,0,0,0,1,1,1,1,0,7,5,0,5,0,1,0,0,0,1,4,2,0,0,1,0,4,1,5,0,0,1,2,0,1,0,0,0,0,2,5,0,1,0,0,1,2,1,0,2,0,1,0,1,1,0,0,3,0,1,2,0,0,2,8,9,1,3,0,2,0,0,0,2,0,2,0,0,5,0,0,0,1,0,0,2,0,3,0,1,4,7,2,0,1,0,1,1
T[T>A]T,0,2,1,4,1,0,3,1,0,3,3,0,1,0,8,0,1,2,2,0,3,0,0,2,0,1,0,0,1,3,1,0,0,0,1,0,0,3,0,0,1,0,0,1,0,1,0,1,1,0,1,1,4,1,2,1,0,0,0,13,0,0,0,1,0,1,1,0,4,0,0,0,0,1,0,1,0,2,4,0,0,0,1,2,0,0,2,1,1,0,0,2,0,3,1,0,0,0,0,0,2,2,2,2,2,2,1,0,0,0,0,0,0,0,0,0,0,0,0,0,0,0,2,1,2,0,0,2,1,1,1,1,1,0,0,2,2,2,2,2,2,0,2,0,0,0,0,0,0,1,0,0,0,0,0,1,2,1,1,1,0,1,0,0,0,0,0,1,1,1,0,0,1,1,0,2,0,0,1,0,2,3,1,1,1,1,0,4,1,0,3,3,0,0,0,0,0,0,0,0,1,1,3,1,0,0,1,0,0,2,1,2,0,2,6,2,2,0,1,1,2,5,0,0,0,1,0,0,6,1,0,1,0,1,0,3,0,0,3,4,4,0,1,1,0,0,1,0,1,1,0,0,4,0,1,2,1,1,2,2,0,0,0,2,0,0,0,0,1,0,1,0,0,0,0,0,0,0,0,0,2,0,0,0,2,1,1,2,0,1,1,1,2,0,1,0,0,0,3,1,1,0,1,2,2,1,0,4,0,0,1,2,0,0,0,0,0,0,1,0,1,0,1,6,5,1,0,2,0,0,2,1,3,1,0,1,0,3,0,0,4,1,0,0,1,2,1,0,1,1,0,0,0,0,1,6,0,0,0,0,0,0,0,1,0,0,0,1,1,0,0,1,0,3,1,1,2,0,1,1,3,3,0,0,0,1,0,0,1,1,0,1,0,0,1,0,2,4,2,0,0,0,3,0,0,2,1,0,0,1,2,0,0,1,0,0,1,2,0,3,0,0,0,0,0,1,1,0,1,0,1,0,1,2,0,2,0,1,1,0,0,0,9,0,0,0,0,2,1,0,0,1,2,1,2,0,1,0,1,0,2,0,0,1,2,0,0,0,2,0,1,0,0,0,0,0,0,1,0,0,1,7,0,0,0,0,2,0,1,0,1,0,1,0,2,3,1,0,2,2,0,3,1,0,0,0,0,0,0,0,0,2,0,0,0,1,0,2,2,0,0,0,1,0,0,0,0,1,7,3,0,1,0,1,0,0,0,0,1,0,3,1,0,0,1,2,1,0,0,2,0,0,0,1,0,0,0,0,1,0,0,0,0,3,3,0,1,1,0,1,1,0,1,1,0,2,0,1,2,0,2,1,5,1,2,1,2,1,0,1,0,0,1,0,1,0,0,2,1,0,1,0,0,0,0,3,1,0,2,5,0,0,0,0,1,0
A[T>C]A,1,7,5,7,0,2,7,1,1,14,8,0,0,3,5,2,2,9,1,0,9,0,0,6,3,5,0,0,1,0,6,1,1,1,1,0,0,2,0,0,0,0,3,0,0,4,3,2,2,0,2,1,10,6,5,3,4,1,4,18,1,2,1,1,0,2,2,2,8,0,1,5,3,3,0,3,0,6,0,5,2,0,3,8,2,1,4,1,2,0,1,1,0,4,5,0,0,0,1,1,2,4,5,4,3,3,1,0,0,0,0,0,1,2,2,2,0,0,0,0,0,0,4,4,4,3,2,0,5,5,6,8,5,0,0,2,1,2,2,1,1,0,9,0,0,0,0,0,1,2,0,0,0,0,0,0,0,0,0,0,0,2,0,0,0,0,0,2,2,8,0,3,3,1,4,2,9,6,4,1,7,3,2,1,1,0,1,4,3,1,2,1,1,0,1,2,2,0,0,1,1,0,7,2,1,0,6,0,0,6,3,7,3,13,2,2,6,0,2,2,2,8,0,1,6,6,3,0,4,5,0,5,1,1,1,3,0,0,7,8,5,0,3,2,3,0,1,0,2,1,4,0,6,1,3,4,6,5,0,0,2,4,4,3,0,1,1,0,2,2,2,0,1,0,2,0,0,1,2,0,2,0,1,2,1,0,0,2,2,0,4,3,3,0,0,1,2,0,5,2,2,0,0,11,5,2,0,7,0,0,3,3,1,3,1,3,4,0,2,4,2,7,8,13,8,1,1,6,0,0,1,2,0,3,0,4,0,1,1,0,9,2,1,2,1,0,3,0,0,0,0,0,5,0,7,1,1,2,0,1,0,0,3,0,6,6,1,2,3,0,0,1,0,1,3,0,7,1,2,2,8,8,0,1,1,1,0,0,0,1,0,0,0,4,0,7,4,3,10,1,1,1,1,0,1,1,2,3,2,1,4,3,3,1,0,1,4,1,1,3,2,0,0,0,2,2,6,0,7,0,4,0,1,0,1,3,2,0,4,1,0,4,15,0,0,2,0,1,2,0,2,0,2,1,7,1,4,1,1,0,4,0,4,1,8,0,3,3,0,1,5,3,2,2,2,2,0,2,0,0,0,15,3,0,0,0,5,1,1,0,3,1,1,0,0,2,4,4,2,11,1,2,4,0,3,3,1,1,0,10,1,4,0,0,2,4,0,0,1,1,1,1,2,0,0,0,0,1,3,3,3,16,0,7,0,1,0,2,1,0,1,0,0,0,6,4,0,1,1,2,1,1,1,0,2,0,0,5,0,0,0,1,1,2,3,4,2,1,2,1,0,0,0,0,0,2,0,1,0,0,4,2,9,3,2,7,1,5,1,2,1,2,1,1,0,1,1,1,2,1,3,3,0,2,2,4,0,1,4,10,0,0,0,0,2,0
A[T>C]C,0,0,8,4,1,0,3,3,0,5,1,0,0,1,1,0,0,3,1,0,2,0,0,1,0,1,0,1,0,1,4,0,0,0,1,0,0,2,0,0,0,0,0,0,0,2,2,1,0,0,0,0,5,1,2,1,2,1,0,8,0,0,1,1,0,1,1,1,2,0,0,0,2,0,1,0,0,1,1,1,0,0,0,1,3,0,0,0,1,0,0,0,0,3,1,0,0,1,0,0,0,0,0,0,0,0,0,1,3,2,3,2,1,1,1,1,1,1,2,2,1,1,1,1,1,1,0,0,0,0,1,1,1,0,0,2,2,2,2,2,2,0,2,0,0,0,0,0,1,1,0,0,0,0,0,0,0,0,1,1,0,2,0,0,1,1,0,1,1,2,0,1,0,0,2,3,2,2,1,0,3,1,2,0,1,0,0,2,0,0,0,1,1,0,0,1,0,1,1,0,0,0,3,0,0,0,2,0,0,1,0,3,3,2,1,0,4,0,1,1,1,1,0,0,2,2,0,1,3,5,0,3,0,0,0,4,0,0,5,5,1,0,2,0,0,0,0,0,2,1,0,1,2,2,0,1,0,1,1,1,1,0,0,1,0,0,0,1,2,0,0,1,0,2,0,1,2,0,0,0,0,0,0,0,0,1,2,4,0,0,2,1,1,0,1,1,0,0,1,0,0,1,2,5,1,0,1,1,0,0,1,1,2,2,3,0,3,0,1,1,1,2,1,3,2,1,1,2,0,0,3,2,0,1,0,0,0,4,0,0,1,0,0,0,0,0,4,0,1,1,0,0,5,1,1,1,0,1,0,0,0,1,1,0,1,1,2,2,1,0,0,0,0,2,0,1,2,0,0,1,3,3,0,0,0,1,3,0,1,0,0,0,0,3,0,2,1,2,1,0,2,2,1,0,0,1,0,0,3,1,0,1,0,0,0,0,1,1,0,1,0,0,0,1,0,2,2,0,2,0,1,0,4,0,1,3,1,0,1,0,1,3,5,1,1,0,2,0,0,0,1,0,2,1,4,0,2,0,0,1,2,0,1,0,5,1,0,1,0,1,3,0,0,0,1,0,1,1,0,0,0,0,0,0,1,0,1,0,2,1,0,1,2,0,0,0,0,1,0,4,0,0,7,0,2,0,0,0,0,2,0,1,0,1,4,0,0,0,0,0,0,0,0,0,0,0,0,4,1,0,0,11,1,1,0,1,1,1,0,1,2,1,0,1,5,0,2,0,0,1,1,0,0,0,1,0,0,0,0,0,0,0,0,0,2,0,0,2,2,1,1,0,1,0,1,1,0,0,2,0,1,0,1,4,3,1,0,2,0,1,1,0,1,0,1,0,1,0,2,0,2,1,1,1,0,1,0,2,0,3,0,1,2,0,0,0
A[T>C]G,2,2,7,6,1,2,3,3,0,9,5,0,2,2,8,3,2,5,1,2,6,1,0,6,3,4,0,1,2,1,5,1,0,0,0,0,0,3,0,1,0,1,0,0,1,1,3,1,3,0,1,2,11,5,3,6,0,4,2,23,1,0,2,0,2,3,4,4,7,0,0,8,2,1,4,6,0,6,1,2,2,0,3,6,8,4,5,3,1,0,1,2,0,4,8,2,0,0,1,2,4,5,5,5,8,6,5,0,1,2,2,1,0,0,1,0,0,0,0,0,0,0,3,3,3,3,1,2,2,2,5,6,4,0,0,2,3,2,3,3,2,0,12,3,3,3,3,3,4,5,0,0,0,0,0,1,0,0,0,0,0,4,0,0,0,0,0,2,5,4,0,3,5,1,8,5,4,2,2,4,8,5,5,1,0,0,0,3,3,1,3,2,0,3,1,3,4,2,0,0,7,1,14,1,0,1,5,2,0,1,2,4,5,7,6,3,4,0,4,1,1,8,0,0,1,4,2,5,6,5,0,6,0,1,2,1,1,0,6,8,12,0,5,4,4,0,0,1,4,1,1,0,5,5,1,1,10,9,0,1,1,9,9,1,0,2,0,0,6,2,1,3,2,0,0,0,0,0,1,1,3,0,3,2,2,1,0,3,0,0,7,6,3,1,1,0,0,1,7,3,1,1,3,13,5,1,0,2,3,0,4,3,1,1,0,5,7,0,1,4,4,1,5,17,7,0,4,5,1,0,3,8,5,3,0,6,0,2,0,1,8,3,0,1,1,5,10,0,0,0,0,0,3,2,11,4,0,0,0,0,0,1,1,1,4,3,2,2,5,0,0,0,4,5,6,0,5,1,1,1,15,17,3,2,2,0,0,1,0,0,0,1,2,5,1,6,10,5,12,0,3,4,1,0,1,1,0,0,3,7,3,2,3,1,0,1,5,1,3,2,4,1,0,1,1,1,2,1,4,2,1,1,2,2,2,3,4,0,6,5,1,5,15,1,5,3,0,2,1,0,2,0,5,6,4,1,5,0,1,2,8,0,0,0,7,0,0,5,1,0,8,3,2,1,0,1,5,3,3,0,2,6,0,0,0,1,13,3,2,0,4,0,0,1,2,7,0,4,5,16,0,0,7,1,3,0,1,0,1,7,1,1,0,0,3,3,1,2,2,0,0,0,0,1,1,1,1,1,16,7,4,19,1,7,0,1,0,0,3,5,3,0,0,1,7,7,4,1,2,3,1,0,1,0,1,0,0,0,5,0,0,1,1,1,3,5,4,1,2,0,0,2,6,0,0,1,0,3,4,0,1,0,12,8,5,9,6,4,0,1,1,2,1,0,3,0,4,3,0,1,2,0,1,0,1,3,3,5,2,15,1,0,5,0,4,1
A[T>C]T,1,3,1,5,1,4,1,2,0,6,1,0,1,2,3,0,4,2,2,0,4,0,0,5,1,3,0,0,0,2,4,1,1,0,0,3,0,3,0,1,0,0,0,1,1,0,2,2,1,0,0,2,8,1,0,0,0,2,4,13,0,2,1,1,0,0,1,1,5,0,0,4,2,1,2,0,0,2,2,2,0,2,1,1,5,3,4,1,0,0,2,1,0,3,4,0,1,1,2,3,3,2,5,4,2,2,1,0,0,0,0,0,1,1,2,1,0,0,0,0,0,0,0,0,0,0,1,0,1,1,1,0,0,1,1,0,0,0,0,0,0,2,4,1,1,1,1,1,0,0,0,0,0,0,1,2,1,2,1,1,0,2,0,0,0,0,2,1,2,4,0,0,4,1,5,2,4,2,0,2,4,2,1,2,1,0,2,4,0,0,4,0,3,1,0,3,0,0,1,1,1,2,0,0,0,1,0,0,1,2,3,2,1,7,4,0,1,0,0,0,1,3,0,0,0,0,1,1,1,2,1,2,1,0,1,0,1,3,2,3,3,0,4,2,4,1,0,0,0,1,0,2,3,0,0,0,7,6,1,2,3,1,1,1,0,0,0,2,1,1,1,0,0,0,0,0,1,0,1,0,5,1,0,0,2,1,0,4,0,1,3,2,0,0,4,0,4,1,2,0,1,1,0,10,5,0,0,5,0,0,3,4,1,1,3,3,2,1,1,4,1,1,4,5,1,2,1,3,1,0,0,2,0,1,0,4,0,0,1,1,1,2,1,0,1,1,1,2,0,2,1,0,4,0,1,1,3,1,0,2,1,1,0,1,1,1,0,2,1,1,2,0,2,3,5,2,2,3,1,1,4,5,1,2,2,0,2,1,3,0,1,0,0,2,0,1,2,5,1,1,1,2,3,1,1,2,2,1,3,1,4,0,0,0,2,0,2,0,1,3,1,0,1,0,0,0,3,1,0,0,1,0,0,0,2,1,2,0,5,0,3,1,4,2,1,2,0,1,1,0,1,1,4,0,2,0,1,0,1,2,5,0,0,5,2,2,2,0,1,0,4,3,0,1,1,1,0,2,1,0,3,6,1,0,0,1,4,0,3,0,1,0,1,1,6,2,0,2,3,6,0,1,3,0,3,1,0,4,1,2,0,1,1,1,1,0,0,1,0,1,1,1,0,0,0,2,1,2,9,0,0,2,0,3,2,1,1,2,1,1,1,0,0,0,0,1,1,0,0,1,1,1,2,1,0,0,0,3,2,0,0,0,0,3,1,2,0,3,1,0,0,2,1,1,1,3,0,2,4,0,3,0,4,6,1,4,2,0,0,4,1,5,0,0,3,0,1,0,1,0,3,1,1,0,0,3,2,0,1,2,1,0,4,0,2,0
C[T>C]A,0,1,0,4,0,2,2,1,1,3,1,1,2,0,6,0,2,1,3,0,3,0,0,7,0,3,0,0,0,0,3,1,0,0,0,0,0,1,1,1,0,0,0,2,0,0,2,2,0,0,0,1,2,2,0,2,0,3,4,12,0,1,0,0,0,2,0,2,10,0,0,3,0,1,1,0,0,2,2,0,0,0,0,1,5,1,1,0,0,0,0,2,0,7,4,0,0,0,0,0,1,2,1,1,1,1,1,1,1,2,2,1,0,0,0,1,0,0,0,0,0,0,1,0,1,0,0,1,1,1,3,3,3,0,0,2,2,3,2,2,2,0,5,0,0,0,0,0,2,1,0,0,0,0,0,1,1,1,1,1,0,0,1,1,1,1,1,0,3,2,0,0,2,0,1,8,4,4,2,0,4,5,2,0,0,0,0,2,0,0,0,1,0,1,0,2,0,1,0,0,0,0,4,1,0,3,2,0,1,3,0,1,4,2,7,1,3,0,1,0,0,1,1,0,0,1,1,0,0,3,1,3,0,0,0,1,0,0,1,2,3,0,3,1,2,0,0,0,2,0,1,0,2,4,1,2,4,4,0,0,3,0,0,2,0,0,1,1,1,1,2,0,1,0,0,0,0,0,3,0,2,0,1,0,1,0,0,0,1,1,1,3,0,0,0,0,2,1,10,2,1,1,0,1,0,1,0,7,1,1,2,4,0,0,0,0,1,0,2,2,1,2,1,7,5,1,0,2,0,0,1,4,0,1,0,3,0,2,1,1,6,0,2,1,3,1,3,0,0,0,0,0,0,0,5,1,1,0,0,0,0,0,0,0,3,3,1,0,2,0,0,0,0,4,0,0,7,2,1,1,9,9,0,0,0,1,1,0,0,0,0,0,2,3,2,0,6,1,4,2,1,2,0,0,2,1,0,1,2,1,5,0,2,1,0,0,5,0,0,2,1,0,0,0,0,0,2,0,4,0,1,0,0,1,2,0,2,1,3,0,0,1,11,1,1,0,0,1,0,0,0,0,2,1,1,1,4,0,1,0,4,0,1,2,8,1,0,1,2,0,5,2,0,3,0,0,0,2,0,1,0,1,0,0,0,0,0,0,0,0,3,0,0,0,0,3,0,2,0,8,0,1,5,0,0,1,3,0,0,4,0,1,0,0,3,2,0,0,1,0,0,0,0,0,0,0,0,0,4,4,0,14,1,4,0,0,1,2,3,0,1,0,1,1,1,2,3,0,1,3,0,1,1,1,0,0,0,0,1,0,0,0,0,1,2,2,3,0,0,0,0,2,0,1,1,2,0,2,0,0,3,0,5,4,1,7,1,1,0,2,2,1,0,0,2,0,3,1,0,1,0,0,1,2,1,1,0,1,2,4,1,1,2,0,2,1
C[T>C]C,1,0,1,7,1,0,1,0,0,3,6,1,0,2,2,1,1,0,1,0,1,0,0,10,1,1,0,0,0,2,1,1,0,0,0,2,0,3,0,0,1,0,0,0,0,7,0,2,1,0,0,1,8,6,5,1,0,1,1,17,0,0,0,4,0,2,0,0,3,1,0,2,0,0,0,2,0,2,0,0,0,1,0,1,3,0,3,0,1,0,0,0,0,1,2,0,0,0,0,0,4,4,3,4,2,2,3,0,0,0,0,0,0,0,0,0,0,0,0,1,0,0,1,0,0,1,0,0,2,2,1,0,0,1,1,1,1,1,1,1,1,1,0,0,0,0,0,0,2,1,1,1,1,1,1,1,1,1,1,0,0,0,1,1,1,1,1,0,1,2,0,1,3,1,2,3,0,0,0,0,4,3,0,3,2,0,0,2,0,2,1,0,0,1,0,1,1,1,2,0,0,2,7,1,0,1,0,0,1,2,1,3,2,4,16,2,2,0,1,0,0,1,0,0,1,1,1,0,5,0,0,1,0,1,0,0,0,0,0,2,4,0,4,2,1,0,1,1,1,1,1,0,2,3,1,4,3,3,0,0,1,1,0,0,0,0,1,2,2,1,0,1,0,1,0,0,0,0,0,0,1,0,1,1,1,2,0,0,0,0,3,2,1,0,0,0,0,1,1,0,0,2,1,6,5,1,0,2,1,0,2,3,1,0,0,0,3,0,1,2,2,3,4,4,4,0,1,0,0,0,0,1,0,0,0,5,1,0,1,0,7,0,3,1,2,1,1,0,1,0,0,1,5,0,1,0,0,0,0,0,0,0,0,1,2,2,0,0,1,0,0,2,1,0,1,0,4,0,0,0,3,4,1,0,0,0,4,1,0,0,0,0,0,2,0,2,0,1,5,0,0,1,1,0,1,1,1,1,1,1,1,1,0,2,0,1,2,0,1,2,0,0,0,1,0,0,0,0,2,0,0,0,1,2,0,1,2,1,1,0,1,1,3,1,1,0,1,0,0,0,0,0,5,1,2,0,1,0,1,0,3,0,0,1,4,0,0,0,0,0,6,1,1,1,0,0,0,2,2,0,0,6,3,0,1,0,4,0,1,2,5,0,1,0,3,4,0,0,0,4,0,0,6,1,2,0,2,0,0,4,0,1,0,0,0,1,0,0,0,3,0,1,2,0,0,0,0,2,7,2,2,8,1,3,0,0,0,0,1,2,0,1,1,0,1,2,1,0,0,0,1,0,0,0,1,0,0,1,0,2,0,0,0,0,1,3,1,1,2,0,0,0,2,1,0,1,0,0,0,0,2,0,6,3,3,6,6,1,0,0,0,2,2,2,0,0,3,1,0,0,2,0,3,1,1,3,0,0,0,2,1,1,2,0,0,0
C[T>C]G,1,2,6,9,2,2,6,2,2,10,5,2,0,2,14,1,6,1,2,0,5,0,1,8,0,8,1,0,0,1,7,1,0,0,0,1,0,3,2,1,1,0,3,1,1,2,1,3,4,0,1,1,14,3,1,4,3,1,6,36,0,1,0,2,0,7,4,1,7,0,0,3,1,1,1,5,0,6,4,2,1,2,1,3,5,1,8,3,3,0,1,1,1,6,7,0,0,0,1,1,10,9,10,10,10,7,2,1,2,2,2,2,1,0,2,1,0,0,0,0,0,0,3,3,2,0,1,0,1,1,2,3,1,0,0,5,5,5,5,5,5,2,10,1,1,1,1,1,2,3,0,0,0,0,0,3,2,3,2,3,0,1,1,1,1,1,1,1,1,5,1,1,3,0,8,3,11,9,4,2,6,3,4,3,1,0,1,5,2,0,2,2,0,0,0,2,3,1,0,1,3,5,4,3,1,2,7,0,2,0,0,3,4,10,9,4,1,0,1,0,3,5,0,0,2,1,0,2,16,3,0,4,2,1,1,4,0,0,3,3,5,1,3,5,6,1,0,0,6,1,3,0,6,2,2,5,8,6,1,1,6,4,5,6,0,0,0,5,7,2,0,1,1,0,1,0,1,1,2,0,4,1,1,4,2,1,0,4,0,0,3,3,2,0,3,1,0,4,5,2,1,5,1,17,8,2,0,8,0,0,4,8,0,0,6,5,5,0,3,1,2,6,5,25,10,1,4,5,0,0,2,2,0,4,0,2,1,2,0,0,13,1,5,3,1,5,10,0,1,0,0,0,4,0,8,0,1,1,0,1,0,1,1,0,5,4,2,1,6,1,1,0,2,5,8,6,10,0,3,3,11,12,1,1,0,1,5,0,4,2,0,2,0,6,3,5,2,14,6,0,1,7,3,0,0,2,2,2,3,3,3,1,4,4,1,1,11,2,4,6,3,0,0,0,1,0,3,0,5,0,1,0,5,1,3,7,3,0,2,0,0,5,21,2,1,1,0,0,0,0,4,1,6,3,9,2,2,0,3,2,9,0,1,2,13,1,1,0,0,0,8,1,4,0,1,1,5,6,4,1,2,13,0,2,1,0,8,0,4,2,5,1,1,0,2,5,5,9,2,23,0,1,10,0,3,0,5,0,0,6,1,0,0,0,4,5,0,1,3,0,0,0,0,0,0,0,0,2,20,13,6,28,3,9,0,0,0,2,4,1,4,1,1,0,5,5,5,1,0,1,1,0,2,1,2,1,0,1,6,0,4,0,0,4,6,9,5,3,1,0,0,3,2,0,0,4,0,0,6,1,0,1,13,10,2,10,6,4,0,1,0,8,1,0,1,1,2,1,1,2,1,0,2,2,0,8,0,4,0,10,0,0,1,0,0,0
C[T>C]T,0,2,1,5,1,3,2,2,1,7,4,0,2,1,3,3,1,2,1,0,7,1,0,8,2,8,0,0,0,1,2,0,0,0,2,1,1,3,1,0,2,1,3,0,0,4,3,0,0,0,0,0,4,1,1,0,2,2,3,20,1,1,2,1,0,1,1,1,5,0,3,3,2,0,2,0,0,3,1,1,2,1,4,2,3,2,4,1,1,0,0,4,2,5,3,0,0,0,0,0,2,0,1,0,1,2,1,0,1,1,1,0,0,0,0,0,0,0,0,0,0,0,2,2,2,2,0,0,0,0,5,6,6,0,0,2,2,2,2,2,1,1,8,1,1,1,1,1,3,4,0,0,0,0,0,3,4,2,1,0,0,1,0,0,0,0,0,1,0,3,0,2,5,1,4,2,4,5,0,1,3,3,1,1,1,0,0,4,0,1,2,5,1,1,0,2,1,2,0,0,0,3,10,1,0,0,0,0,2,2,1,2,0,7,22,2,1,0,1,0,0,8,0,0,4,6,0,1,1,1,0,0,0,0,0,3,1,0,4,3,4,1,1,1,4,0,0,1,1,1,0,0,6,0,0,1,2,2,0,0,0,0,0,3,1,1,1,0,3,1,0,1,1,1,0,0,0,0,1,0,2,0,1,2,4,2,2,2,1,0,0,1,1,0,2,0,0,1,1,0,0,2,0,5,4,1,0,2,0,0,6,4,1,2,0,0,5,0,1,3,1,2,2,2,4,1,1,2,0,0,0,2,3,3,0,2,0,1,1,0,6,4,0,0,0,1,3,0,1,0,0,0,4,1,6,0,1,3,0,0,0,0,1,0,3,3,1,0,1,0,0,2,0,1,1,1,6,0,0,0,9,12,0,0,0,2,3,0,0,3,0,0,0,1,0,2,2,1,4,1,1,3,0,1,2,1,4,0,4,2,6,0,1,0,1,1,2,0,0,2,1,0,0,1,0,0,3,0,1,0,2,1,4,1,0,2,0,1,5,1,1,2,9,0,1,3,1,1,0,1,2,0,2,2,6,0,1,0,2,0,10,0,0,1,10,0,0,5,0,0,4,1,4,1,0,0,1,4,0,0,0,3,3,0,0,0,2,0,2,0,6,0,2,1,2,2,1,1,2,11,0,2,4,0,1,0,1,0,0,3,1,0,0,0,2,3,0,0,0,0,0,0,0,1,0,1,1,1,11,2,0,8,1,2,0,0,0,0,2,2,1,1,1,0,2,3,3,2,0,4,0,0,3,1,1,0,0,2,4,0,1,0,0,0,3,0,1,1,0,0,1,1,2,0,0,2,0,0,1,0,0,2,3,6,4,6,4,1,0,2,1,4,1,1,0,1,4,1,0,0,0,3,0,0,2,3,1,3,0,4,0,1,0,1,1,0
G[T>C]A,4,2,1,12,1,3,0,1,1,7,7,1,0,2,9,2,1,2,2,0,2,0,0,3,0,2,0,0,0,2,3,2,0,0,3,2,0,2,1,0,0,0,1,2,0,2,0,1,4,0,0,1,2,4,3,2,2,3,1,9,0,0,0,2,1,2,3,2,5,0,2,2,2,1,2,0,0,7,4,2,0,0,1,2,2,0,6,5,1,2,2,2,0,5,1,0,0,0,1,1,2,1,1,0,1,1,2,1,1,1,2,2,1,1,1,1,1,0,0,0,0,0,3,2,3,3,2,2,0,0,5,6,5,1,1,1,1,1,1,1,1,0,2,3,2,2,2,2,0,0,2,2,2,2,2,0,0,0,0,0,0,0,3,3,3,3,3,1,1,2,1,4,6,0,3,2,3,1,1,1,3,4,3,0,1,0,0,5,0,0,4,3,0,0,0,1,0,0,0,0,0,0,7,0,3,0,2,1,1,1,1,1,3,7,4,0,1,0,1,1,0,5,2,0,1,2,0,1,5,1,0,1,0,1,0,1,0,1,2,2,2,0,0,2,1,1,0,1,1,0,0,0,3,2,0,1,4,5,0,0,2,2,2,1,0,2,0,1,3,2,0,0,0,0,1,0,1,1,0,0,4,1,1,0,2,1,0,4,1,2,4,2,0,0,1,1,0,2,5,0,0,0,4,5,5,1,0,1,1,1,4,2,0,0,2,1,4,0,1,2,0,2,7,12,4,1,2,3,1,0,1,2,2,1,0,3,1,2,2,0,4,3,3,3,0,1,4,0,0,0,0,1,1,0,3,1,3,0,0,0,0,0,1,1,5,5,1,0,1,0,0,0,0,0,6,3,5,0,2,2,6,7,0,0,0,0,1,0,0,2,1,0,2,2,1,2,1,5,6,2,0,2,3,2,1,1,1,1,2,4,7,1,0,0,0,0,2,1,2,4,2,1,0,0,0,1,2,0,5,1,2,0,2,0,3,0,5,3,1,1,0,2,7,2,3,0,2,0,0,0,0,0,3,0,4,0,4,0,0,0,3,0,1,2,12,0,2,4,2,0,9,2,3,2,0,0,1,1,0,0,2,8,0,0,0,0,3,0,1,0,5,0,1,0,0,1,1,1,1,36,1,1,2,0,6,1,2,3,1,7,1,1,0,0,1,1,1,1,1,4,3,1,0,2,0,0,0,1,6,7,1,31,0,3,0,1,0,0,2,2,3,1,1,0,4,5,1,1,0,0,0,0,0,0,1,0,0,2,1,0,3,0,0,1,9,1,4,1,0,0,0,0,1,0,1,1,0,3,2,1,1,1,4,1,1,4,4,1,0,0,2,2,2,1,0,0,6,2,0,0,3,2,3,1,1,5,1,4,0,6,0,0,2,0,0,2
G[T>C]C,2,2,0,5,0,1,0,1,1,1,3,3,3,2,1,0,0,3,0,0,1,0,0,4,0,0,1,0,1,0,1,0,0,1,1,0,0,1,0,0,1,0,0,0,0,2,2,1,1,0,1,1,0,1,1,0,1,1,1,11,2,0,0,2,0,1,1,0,3,1,0,0,0,2,0,2,0,3,1,1,0,0,0,0,1,1,1,0,0,0,0,0,0,1,1,0,0,0,2,1,2,1,2,2,2,1,0,0,0,0,0,0,1,1,1,1,0,0,0,0,1,0,1,1,1,1,0,2,1,1,2,3,1,0,0,0,0,0,0,0,0,0,4,1,1,1,1,1,0,0,0,0,0,0,0,1,1,1,0,1,0,0,0,0,0,0,0,2,0,0,0,1,5,1,1,1,0,1,1,1,3,6,1,3,1,2,0,2,1,0,1,1,0,0,0,0,0,2,2,0,1,0,3,0,0,1,1,1,0,0,1,3,1,2,2,2,2,0,0,0,0,4,2,0,1,1,0,0,2,2,0,2,2,0,1,0,1,0,5,5,0,1,0,3,1,0,0,0,0,0,1,0,3,1,1,0,3,3,0,0,1,0,0,3,0,1,0,1,0,0,0,0,0,0,1,0,0,2,0,0,0,0,0,1,1,0,0,0,0,1,1,3,2,2,1,0,0,0,5,0,1,1,0,5,1,0,0,1,1,0,0,1,0,0,0,1,1,1,2,1,0,1,0,5,0,1,1,1,0,0,2,1,0,0,0,3,1,0,1,0,3,2,1,1,1,4,1,1,0,0,0,1,1,2,1,2,2,0,0,1,0,1,0,1,4,4,0,0,0,1,0,1,0,3,1,1,4,0,0,0,2,2,2,0,0,1,1,0,0,1,1,0,0,3,1,0,2,3,6,0,0,0,1,0,0,1,2,2,1,2,0,0,0,5,0,0,5,0,0,0,0,0,0,1,0,1,0,0,2,0,1,0,0,0,2,0,1,0,2,0,2,1,4,1,0,0,0,1,0,0,0,0,1,0,2,0,2,0,3,0,2,0,0,2,2,0,0,1,1,0,2,2,1,1,1,0,0,3,3,0,1,5,0,0,0,0,0,0,2,1,2,0,2,1,1,3,0,3,0,19,0,0,3,1,1,1,0,0,0,2,0,1,0,0,2,1,0,0,1,0,0,0,0,0,1,1,1,0,4,0,0,16,0,4,0,0,0,2,0,1,1,1,0,0,2,1,2,0,0,2,2,0,0,0,0,0,0,1,1,0,2,0,0,1,1,0,0,0,0,0,3,0,5,2,0,1,0,1,1,0,0,0,2,8,1,2,2,0,2,0,0,1,0,0,0,1,3,0,0,0,0,0,0,1,0,0,1,0,3,5,2,0,0,0,1,0
G[T>C]G,2,3,3,3,3,2,2,0,2,4,4,0,1,1,8,1,3,1,2,0,4,0,1,2,2,5,0,2,3,1,3,0,1,0,0,2,0,3,1,1,0,0,1,0,0,2,2,0,2,0,1,0,3,3,0,0,0,6,2,17,1,1,0,0,0,3,2,0,2,0,0,6,0,1,0,6,0,4,2,2,0,0,0,2,1,1,1,2,0,0,0,1,0,3,5,1,0,0,1,1,6,6,4,6,6,5,0,0,1,1,1,1,1,2,2,2,1,1,1,1,1,0,2,2,2,0,0,2,0,0,3,2,3,1,1,1,2,1,1,1,1,1,4,1,1,1,1,1,2,1,2,2,2,2,2,0,0,0,0,0,0,1,1,1,1,1,1,3,3,0,1,0,3,4,2,2,2,4,0,1,3,5,8,1,1,0,0,6,0,1,2,2,0,0,0,0,1,1,2,0,1,0,4,1,0,0,4,0,1,2,1,4,2,6,3,2,6,0,0,0,1,4,0,0,2,2,0,4,3,3,0,1,0,1,1,3,0,0,4,4,3,0,0,4,3,0,0,1,0,0,0,0,6,3,0,3,2,2,0,0,3,1,0,1,0,1,1,1,3,1,0,0,1,0,0,0,0,0,1,0,1,0,0,2,4,1,0,3,0,0,1,4,1,1,0,0,0,0,4,1,2,2,3,8,6,0,1,5,0,0,4,0,0,1,1,1,2,0,5,5,1,1,3,11,5,1,0,2,0,0,0,3,0,1,1,3,0,0,0,0,4,4,3,2,1,1,3,1,1,0,0,1,0,1,8,0,1,0,0,0,0,3,1,0,0,0,2,2,1,0,0,0,0,0,0,4,4,0,7,5,3,3,0,0,0,0,0,0,2,1,0,0,2,0,0,3,2,4,3,0,0,0,0,0,0,1,0,1,2,8,0,1,5,2,0,0,4,0,0,1,1,0,0,0,0,0,3,0,0,0,4,0,1,1,2,3,3,1,1,2,0,1,8,0,0,3,1,1,0,0,1,0,5,1,2,2,2,0,2,0,4,0,2,1,6,0,0,2,1,0,4,1,3,1,1,0,1,1,2,0,0,11,0,0,1,1,3,1,1,0,2,0,1,1,3,1,0,2,3,38,0,2,5,2,2,1,2,0,2,2,1,3,0,1,1,1,1,2,0,1,1,0,0,1,0,1,1,2,4,3,2,28,0,3,0,0,0,3,0,1,0,0,0,0,2,2,4,1,0,1,1,0,0,0,2,0,0,1,4,0,2,1,0,2,3,2,2,1,1,0,1,0,2,1,4,2,0,3,2,0,2,1,3,4,2,3,3,0,1,2,1,2,3,0,3,0,3,1,0,0,3,2,1,3,0,2,2,4,2,8,0,0,1,0,0,2
G[T>C]T,0,1,2,4,0,0,2,1,2,4,3,0,0,3,4,0,1,1,1,0,1,2,2,1,1,1,1,0,0,0,1,1,0,0,0,2,0,3,0,1,1,1,0,1,0,1,3,1,1,0,1,0,8,2,0,0,1,2,1,12,0,0,2,0,0,2,2,1,1,0,0,2,4,1,0,1,0,4,4,1,0,1,3,1,1,0,1,1,1,0,1,0,0,0,6,0,0,0,0,0,3,2,1,2,2,2,2,0,1,1,1,1,1,0,0,0,1,1,1,1,1,0,3,1,3,3,1,1,0,0,3,4,5,0,0,0,0,0,0,0,0,1,6,0,0,0,0,0,0,2,0,0,0,0,0,0,0,0,0,0,1,1,0,0,0,0,0,0,5,2,0,1,3,1,4,3,1,1,1,0,1,5,1,0,0,0,0,2,0,0,1,1,0,1,2,1,0,0,1,0,0,0,3,1,0,1,0,0,0,1,1,1,0,3,4,1,2,0,0,0,1,5,0,0,1,3,0,1,2,2,0,2,1,0,0,0,0,0,8,6,2,0,3,1,0,0,0,0,0,0,0,0,0,3,1,1,7,7,1,1,0,3,3,2,0,1,0,0,2,0,0,2,1,1,1,0,1,0,0,0,0,0,0,2,4,0,0,1,0,1,2,1,2,0,2,0,3,0,0,3,2,2,2,7,7,1,0,3,0,0,1,0,0,0,1,0,1,0,1,2,1,4,1,8,2,0,1,4,1,0,0,5,0,2,0,0,0,0,0,0,6,0,3,2,1,2,3,0,1,3,0,0,2,1,2,1,2,2,0,0,1,1,1,1,1,1,0,2,1,0,0,0,0,2,2,1,5,0,1,1,5,4,0,0,0,2,1,0,1,1,0,0,2,2,1,1,0,2,2,0,1,0,1,1,1,0,1,2,2,1,2,0,0,0,2,0,1,3,1,2,0,0,0,1,2,1,0,0,2,0,0,0,2,0,1,1,1,2,1,0,1,0,5,0,1,2,2,0,1,0,2,1,4,0,1,0,1,0,1,2,4,0,0,0,5,1,2,2,2,1,1,0,3,0,1,0,1,2,1,0,0,2,0,1,1,0,1,2,1,0,1,0,1,1,1,0,1,0,1,22,0,2,4,1,4,1,1,0,2,6,1,0,0,0,2,1,1,1,0,1,1,1,2,0,0,0,0,2,5,2,1,8,0,2,1,0,0,0,1,1,2,0,0,0,1,1,1,0,0,1,1,0,1,0,1,0,1,1,3,1,0,0,1,0,1,1,2,1,0,0,0,1,3,1,0,1,0,2,2,1,0,0,2,1,5,2,5,2,0,0,0,1,1,0,0,0,0,1,1,0,0,2,3,1,1,2,2,3,0,2,0,2,2,0,0,0
T[T>C]A,0,0,3,3,1,1,1,1,0,6,0,0,2,3,4,1,0,2,2,1,2,0,0,0,2,1,0,0,0,0,2,0,0,0,0,0,0,2,1,0,0,0,0,0,2,2,2,0,1,0,1,1,4,2,0,1,0,1,0,8,0,2,0,1,0,0,1,0,2,0,0,0,0,0,0,1,0,1,1,3,0,0,1,2,4,0,1,2,0,0,0,1,0,0,1,0,0,0,0,1,1,1,0,1,0,0,0,0,0,0,0,0,0,0,0,0,0,0,0,0,0,0,0,0,0,0,0,1,1,1,4,4,5,0,0,4,4,4,4,4,4,0,2,0,0,0,0,0,0,2,0,0,0,0,0,1,0,0,0,0,0,0,0,0,0,0,0,0,2,0,0,0,5,0,3,1,0,4,0,0,4,1,0,0,1,0,0,1,0,1,1,1,0,0,1,0,1,1,1,0,0,2,5,0,0,0,0,0,0,2,2,3,0,4,4,1,2,0,1,0,0,2,1,0,0,0,0,0,3,2,1,2,0,0,0,1,0,1,0,0,2,0,2,1,2,0,0,0,0,0,0,0,2,0,0,4,2,1,0,0,2,1,1,0,0,0,2,1,3,0,0,2,0,0,1,0,1,0,0,0,4,0,0,2,1,2,1,0,0,0,0,2,0,1,0,0,0,1,1,1,1,1,1,4,0,1,0,3,1,0,2,0,0,1,0,1,1,0,2,2,2,1,3,4,2,0,1,0,1,0,0,0,1,0,0,2,0,1,0,0,3,1,0,0,0,1,3,0,0,0,0,0,1,0,0,0,1,0,1,0,0,0,0,0,2,2,0,2,3,1,1,0,0,2,0,1,3,0,1,2,3,5,0,2,2,1,2,0,0,0,0,0,1,0,0,0,0,3,2,0,0,1,1,1,0,0,0,1,1,0,1,0,0,0,0,0,2,0,2,1,0,0,0,0,0,0,1,0,2,0,0,0,0,1,1,2,0,0,1,1,1,0,2,0,0,1,0,1,2,0,0,0,4,0,1,0,0,0,0,0,1,0,2,1,4,1,0,1,0,0,4,0,0,0,0,0,5,2,0,0,0,7,1,0,0,0,0,0,1,0,1,0,2,0,1,2,1,1,0,12,0,1,2,1,0,1,0,0,0,3,0,2,0,0,3,2,0,0,0,0,0,0,0,0,1,1,1,1,1,3,1,14,0,0,0,0,0,1,0,0,0,1,0,0,1,0,1,0,0,0,0,0,0,0,0,0,0,0,1,0,1,0,0,0,2,0,2,1,2,0,0,0,4,0,0,0,0,0,0,0,2,1,1,3,2,2,2,0,0,1,0,2,0,0,0,0,5,1,0,1,0,0,0,0,0,1,0,1,0,0,0,1,1,0,1,1
T[T>C]C,1,0,1,3,2,2,0,1,1,4,3,1,0,2,0,0,2,2,0,0,2,2,1,2,0,4,0,1,0,0,0,0,0,0,0,0,0,2,0,0,0,1,1,1,1,2,0,1,0,0,0,0,8,2,0,0,0,3,2,9,1,0,0,0,0,2,3,1,0,0,0,3,2,0,0,0,0,1,0,2,0,0,1,1,1,2,0,0,0,0,1,1,1,3,2,0,0,0,1,1,3,1,1,2,4,3,0,0,0,0,0,0,2,2,2,2,0,0,0,0,0,0,0,0,0,0,1,0,1,1,0,0,0,1,1,2,2,1,1,1,1,0,2,0,0,0,0,0,1,0,0,0,0,0,0,1,1,1,1,1,0,1,0,0,0,0,0,0,0,1,0,1,4,1,2,3,1,3,0,2,2,3,0,0,0,0,0,1,1,1,0,0,0,0,0,1,0,1,1,0,0,1,2,1,1,1,2,0,0,0,0,1,0,3,8,1,2,0,0,0,1,1,0,0,1,1,0,0,1,1,0,0,0,1,0,1,2,1,4,4,1,0,2,2,1,1,1,0,0,0,0,0,2,0,0,2,7,6,1,1,0,0,0,1,0,0,1,0,0,0,0,1,1,0,0,0,0,1,0,0,2,0,1,0,0,2,1,1,0,0,2,0,0,0,1,0,0,1,1,0,0,2,0,2,1,1,0,0,1,0,3,1,0,0,1,0,0,0,1,1,1,3,2,5,1,2,0,3,0,0,0,0,0,0,0,0,0,0,0,1,3,2,2,1,0,1,3,1,0,1,0,1,0,0,4,0,0,0,1,2,0,2,0,1,0,0,0,0,0,0,0,0,0,1,2,3,3,0,2,2,0,0,0,0,0,1,2,0,1,0,0,2,1,0,0,0,2,2,3,0,0,1,3,0,0,1,0,0,1,3,2,1,0,1,0,0,4,0,1,2,0,2,0,1,0,0,2,0,1,0,0,0,0,0,0,1,1,0,0,0,0,1,1,0,0,0,0,2,1,0,1,1,1,0,2,0,0,0,1,0,2,0,0,3,7,0,1,1,0,1,0,0,1,0,0,0,2,1,0,0,1,4,0,0,0,1,2,0,1,1,1,0,1,0,2,1,1,0,0,5,0,0,1,0,1,0,1,0,1,2,0,0,0,0,1,0,0,1,0,2,2,1,1,0,0,0,0,0,2,3,1,13,0,2,0,1,0,0,2,0,0,1,0,0,0,1,0,0,0,2,1,0,1,0,0,1,0,0,0,0,1,1,1,2,0,0,0,2,2,0,0,1,0,0,0,0,0,1,1,0,0,0,1,3,0,2,0,1,1,0,1,1,0,0,1,0,2,0,0,0,0,0,0,0,1,0,1,1,1,2,0,0,0,0,0,0
T[T>C]G,0,0,4,2,0,0,1,0,0,4,2,0,0,4,2,0,3,0,0,0,2,0,0,7,1,4,0,0,0,0,0,0,0,0,0,3,0,1,0,0,0,0,0,0,1,1,1,2,0,0,0,0,1,2,2,1,1,0,2,9,1,1,1,0,0,0,2,1,2,0,0,1,2,1,1,2,0,5,0,2,1,0,3,2,2,1,2,0,0,0,0,1,0,3,1,0,0,0,0,1,2,2,2,2,2,4,1,0,0,0,0,0,0,0,0,0,0,0,0,0,0,0,5,3,2,3,1,0,0,0,1,2,3,1,1,0,0,0,0,0,0,0,2,0,0,0,0,0,1,1,0,0,0,0,0,0,0,0,0,0,0,0,1,1,1,1,2,1,0,1,2,2,2,1,1,2,3,1,0,1,1,2,1,2,1,0,0,2,0,0,1,1,0,0,0,1,1,0,0,0,2,0,4,0,0,1,3,0,1,1,0,1,1,5,7,1,0,0,0,0,2,2,0,0,0,2,0,0,3,1,1,2,0,1,0,2,1,1,2,2,2,0,2,1,2,1,0,0,0,1,0,0,3,2,1,5,3,3,0,0,1,1,1,2,0,0,1,3,3,0,1,0,0,0,0,0,0,0,0,0,1,0,1,1,1,0,0,2,0,1,2,2,0,1,2,0,1,0,5,1,0,1,1,7,4,0,0,1,1,0,1,2,0,1,2,1,2,0,1,0,0,1,0,7,3,0,0,1,0,0,2,1,0,0,0,2,0,0,0,1,3,0,1,0,0,0,2,0,2,1,0,0,1,0,8,0,1,1,0,1,0,0,1,0,1,1,1,1,1,0,0,0,1,1,0,1,1,0,3,3,3,4,1,0,0,0,0,0,1,1,1,0,0,2,0,1,1,3,2,0,0,2,0,1,0,0,0,0,3,2,2,0,1,0,0,1,4,1,0,4,1,0,0,0,0,1,2,0,3,0,1,0,1,1,1,0,1,0,2,2,1,0,3,1,1,3,1,1,0,0,1,2,1,0,3,0,0,0,0,2,5,0,0,0,5,0,0,1,0,0,5,0,0,0,0,0,1,0,2,0,1,8,0,0,0,1,1,0,0,0,0,0,2,1,0,3,3,1,0,19,0,0,2,0,1,2,0,0,0,2,0,3,0,1,1,0,0,0,0,2,1,1,1,0,0,1,1,2,4,1,1,14,0,2,0,0,0,1,0,0,1,1,0,0,1,0,2,0,0,0,1,0,1,0,0,0,0,3,1,0,1,0,0,0,3,1,3,2,0,0,0,0,4,0,0,2,0,1,1,0,0,0,6,1,1,3,2,0,0,1,0,2,0,1,1,0,2,1,0,0,4,1,2,2,2,0,0,1,2,6,0,0,1,0,1,0
T[T>C]T,0,1,1,1,1,1,0,1,0,3,4,0,0,1,2,0,1,0,2,0,2,0,0,3,2,4,1,1,0,0,0,1,0,0,1,1,0,3,1,0,1,0,2,0,0,0,0,1,1,0,1,2,4,5,3,0,0,2,0,9,0,0,0,0,0,2,1,1,3,1,0,2,0,0,0,1,0,2,1,1,0,1,1,2,3,2,4,0,0,0,2,0,0,3,1,0,0,0,0,0,4,2,3,4,3,3,0,0,0,1,0,0,0,0,0,0,0,0,0,0,0,0,0,0,0,0,1,1,1,1,1,1,1,1,1,2,2,1,2,2,2,2,0,0,0,0,0,0,1,0,0,0,0,0,0,0,0,0,0,0,0,3,0,0,0,0,0,1,1,0,0,0,2,1,1,0,2,1,0,0,2,2,0,1,1,1,0,0,1,0,0,0,0,0,1,0,0,2,0,0,0,0,0,2,0,1,0,0,0,0,1,1,3,1,5,0,3,0,0,0,0,2,0,0,1,2,0,2,2,0,0,0,0,0,0,1,0,0,1,1,2,0,1,0,0,0,1,1,2,0,0,0,3,2,0,3,1,1,0,1,1,0,0,1,0,0,0,2,2,0,0,3,0,0,0,0,0,1,0,0,2,0,0,0,1,0,1,1,0,0,2,1,1,2,0,0,1,0,1,0,0,0,2,3,0,0,0,0,0,0,0,3,1,0,1,1,0,0,1,0,2,1,1,2,0,1,0,1,0,0,0,4,0,0,1,1,0,0,0,0,1,2,2,0,0,0,1,0,1,0,0,1,0,1,1,0,1,1,0,0,0,0,0,0,2,2,1,0,1,0,0,0,0,1,2,0,1,0,1,1,2,2,0,1,1,0,0,0,3,0,0,0,1,1,0,1,0,0,2,1,0,1,1,0,1,0,0,0,0,0,1,0,0,1,0,1,2,0,0,3,0,0,0,0,2,2,2,0,1,0,1,0,0,1,1,0,2,1,1,1,0,1,4,0,1,1,0,2,0,0,1,0,4,3,2,0,1,0,1,0,2,0,0,1,6,0,0,1,1,0,3,0,0,0,0,1,0,0,1,0,0,6,0,0,0,0,1,0,1,2,0,0,0,0,0,1,0,0,0,6,0,1,3,0,1,0,2,1,1,0,0,0,0,0,2,1,0,0,0,0,0,0,1,1,0,1,1,0,3,2,0,6,0,0,0,0,0,1,1,0,1,0,0,0,0,0,1,0,0,0,0,0,0,0,0,0,0,1,1,0,0,0,2,0,2,0,0,0,2,0,0,0,1,0,1,1,0,0,0,0,0,1,2,6,1,3,0,0,0,1,1,1,0,0,1,0,2,0,0,1,4,1,0,0,0,0,0,0,1,2,0,0,0,0,1,1
A[T>G]A,0,0,0,0,1,0,1,0,0,1,1,0,0,0,1,0,0,0,0,0,0,0,0,0,0,0,0,0,0,0,1,0,0,0,0,0,0,0,1,0,0,0,0,0,0,0,1,0,0,0,0,0,1,0,1,1,1,0,1,2,0,0,0,0,0,0,0,0,0,0,1,1,0,1,0,0,0,0,1,0,0,0,1,0,1,1,2,1,1,0,1,0,0,0,1,0,0,0,1,1,1,1,2,1,1,1,0,0,0,0,0,0,1,1,1,1,0,0,0,0,0,0,1,1,1,0,0,0,0,0,1,1,1,0,0,0,0,0,0,0,0,0,2,0,0,0,0,0,0,0,0,0,0,0,0,0,0,0,0,0,0,0,0,0,0,0,0,1,0,0,0,0,0,0,0,0,0,0,0,0,0,0,1,0,0,0,1,3,0,1,0,0,0,0,0,0,1,1,0,0,0,0,0,0,0,0,1,0,0,0,0,0,1,1,1,0,0,0,0,0,1,1,0,0,0,0,0,2,0,0,0,1,0,0,0,0,1,0,0,0,0,0,0,0,0,0,0,0,0,0,0,0,0,0,0,1,0,0,0,0,0,1,1,0,0,0,0,0,1,0,0,0,0,0,0,0,1,0,1,0,1,0,0,1,0,0,0,1,0,0,0,0,0,0,0,1,0,0,1,0,0,0,0,0,0,1,0,1,0,0,0,1,0,1,0,0,0,1,0,0,0,0,0,2,0,0,0,1,0,0,0,1,0,0,0,0,1,0,0,0,1,0,0,0,0,0,1,0,1,0,0,0,0,0,1,0,0,0,0,0,0,0,0,0,0,0,1,0,1,0,0,0,0,1,0,3,0,0,0,0,2,2,0,1,1,0,2,0,0,0,0,0,0,1,1,1,0,1,0,0,0,1,1,0,1,0,1,0,1,0,0,0,0,0,0,0,2,0,0,1,1,0,0,0,0,0,0,0,0,0,0,0,1,0,0,0,0,0,0,0,0,0,0,0,0,0,0,0,0,0,1,0,0,1,2,0,0,0,0,0,0,0,0,0,3,0,0,0,0,0,0,0,0,0,0,0,0,0,1,0,0,0,0,0,0,0,0,0,0,0,1,0,0,0,1,0,0,0,1,1,0,0,0,0,0,0,0,0,0,1,0,0,0,0,0,0,0,0,0,0,0,0,1,1,0,0,0,0,0,1,0,4,1,0,0,0,1,0,1,0,1,0,0,0,0,0,0,0,0,0,1,0,1,0,0,0,0,0,0,1,0,1,0,0,0,0,0,1,1,0,0,0,0,0,0,0,0,0,1,0,0,0,1,1,1,0,0,1,0,0,0,0,0,1,1,0,0,0,0,0,0,0,0,1,0,0,0,0,0,2,1,0,1,0,1,0
A[T>G]C,0,1,0,0,1,0,1,0,0,0,0,0,0,0,0,0,0,0,1,0,1,0,1,1,0,0,0,0,0,0,0,1,0,0,1,0,0,0,0,0,0,0,0,0,0,0,1,0,0,0,1,0,1,1,0,0,1,0,0,3,1,1,0,0,0,2,0,0,1,0,0,0,0,0,1,0,0,0,0,1,0,0,0,1,1,0,2,2,0,0,0,0,0,0,0,0,0,1,0,0,4,2,2,3,3,1,0,0,0,0,0,0,0,0,0,0,0,0,0,0,0,0,0,0,0,0,0,0,0,0,0,1,1,0,0,0,0,0,0,0,0,0,0,0,0,0,0,0,1,0,0,0,0,0,0,0,0,0,0,0,0,0,0,0,0,0,0,0,1,0,0,0,0,0,0,0,2,2,0,0,1,1,1,0,0,0,0,0,0,0,1,1,0,0,0,0,0,0,0,0,0,0,0,1,0,0,0,0,0,1,0,1,0,1,6,0,0,0,0,0,0,0,1,0,0,2,0,0,0,0,0,1,0,0,0,0,0,2,0,0,1,0,0,0,0,0,0,0,0,0,0,0,0,0,0,0,0,0,1,1,1,0,0,0,0,0,1,0,0,0,0,0,0,0,0,0,0,0,0,0,0,0,0,0,0,0,0,0,0,0,0,0,0,1,0,0,0,0,0,1,2,0,0,1,0,0,0,0,0,0,0,1,0,0,0,1,0,0,0,0,0,0,0,1,2,0,0,0,0,0,1,0,0,0,0,0,1,1,0,0,0,0,2,0,0,0,3,0,0,0,0,0,0,0,1,1,0,0,0,0,2,0,0,0,0,0,0,0,0,0,0,0,0,0,0,0,0,0,0,0,1,2,0,0,0,0,2,0,0,0,0,1,0,0,0,0,2,1,1,0,2,0,0,0,0,0,0,0,0,0,0,0,0,0,0,1,0,1,1,1,2,0,0,0,0,1,0,0,1,0,0,0,0,0,0,1,0,0,2,0,0,2,0,0,0,1,0,1,0,0,1,0,1,0,1,0,0,0,0,0,2,0,0,2,0,0,0,0,0,0,1,1,0,0,0,1,0,0,0,0,0,1,0,1,0,0,1,0,0,0,0,0,1,0,3,0,0,0,0,1,0,0,0,0,0,1,0,0,0,2,0,0,0,1,0,0,0,0,0,0,0,0,0,0,0,0,0,1,2,0,0,0,0,1,0,0,0,0,0,0,0,0,0,0,0,0,0,0,0,1,0,1,0,0,0,0,0,0,0,0,0,0,0,0,0,1,0,0,0,0,0,1,0,0,0,0,0,0,0,0,0,1,1,0,0,0,0,1,0,0,0,0,0,0,0,0,0,0,0,0,0,0,0,1,0,0,0,0,0,1,0,0,0,0,0,0
A[T>G]G,0,0,1,2,0,1,2,0,0,1,3,0,3,1,3,0,0,0,0,0,1,0,0,1,0,1,0,0,1,0,0,0,0,1,0,0,0,0,0,0,0,0,0,2,0,1,1,0,0,0,0,0,1,1,1,1,1,0,0,5,0,0,0,0,0,1,0,0,0,0,0,0,1,1,0,0,0,2,1,0,0,0,0,1,1,0,2,0,0,0,0,0,0,0,1,0,0,0,0,0,1,1,1,1,1,0,0,0,0,0,0,0,0,0,0,0,0,0,0,0,0,0,0,0,0,1,0,1,0,0,0,0,0,0,0,1,1,0,1,1,1,0,1,0,0,0,0,0,0,1,0,1,1,1,1,2,2,3,2,3,0,0,0,0,0,0,0,0,0,1,0,0,3,0,1,1,0,1,1,0,1,2,3,0,0,0,0,1,0,0,1,0,0,0,0,1,1,0,0,0,0,0,4,0,0,1,2,0,1,0,1,1,3,2,0,4,0,0,1,0,0,0,1,0,1,1,0,0,2,1,0,2,0,0,0,2,0,0,0,0,3,0,0,1,0,0,0,1,0,0,1,0,1,0,0,2,0,0,0,0,1,0,0,1,0,1,0,0,0,0,0,0,0,0,1,0,0,0,1,0,3,0,0,0,0,0,0,0,0,0,0,0,1,0,0,1,0,0,2,1,0,0,2,1,2,0,0,2,0,0,0,1,1,0,2,0,1,0,0,0,0,0,1,4,1,0,1,1,0,0,1,0,0,0,0,0,0,2,0,0,3,2,0,0,0,1,0,0,0,0,0,1,1,0,3,0,0,0,0,0,0,1,0,0,2,2,0,0,1,0,0,0,0,0,0,1,2,0,0,0,3,3,0,0,0,0,0,0,0,0,0,0,0,2,0,0,0,2,2,1,0,1,0,0,1,1,1,0,1,1,0,0,0,0,1,0,2,0,0,0,0,0,0,0,0,0,0,0,0,1,1,0,2,0,1,0,1,0,0,0,0,0,6,0,0,0,0,1,0,0,0,0,1,0,1,0,0,0,0,0,1,0,0,1,1,0,0,0,0,0,1,1,0,0,0,1,0,1,0,0,1,1,0,0,0,0,1,1,0,1,1,1,0,1,0,3,1,0,1,1,0,1,1,0,1,0,2,0,1,2,0,1,0,0,0,0,0,0,0,0,0,0,0,0,0,0,0,1,4,2,0,4,0,0,0,3,0,1,0,0,1,0,0,0,1,0,0,0,0,0,0,0,1,0,0,0,0,0,0,0,0,0,0,0,1,1,0,1,0,0,1,0,1,0,0,0,0,0,2,1,1,0,2,4,1,2,0,0,0,1,0,0,0,1,0,0,0,0,0,1,0,0,0,0,1,1,1,0,0,2,0,0,1,0,1,0
A[T>G]T,0,0,0,0,0,0,0,0,1,0,1,0,0,1,0,0,0,1,0,0,1,0,0,4,0,1,0,0,1,0,1,0,0,0,0,0,0,0,0,1,1,0,0,0,0,0,1,0,0,0,0,1,3,0,0,0,0,0,0,6,0,0,0,0,0,1,1,0,1,0,0,1,1,1,0,1,0,0,0,0,0,0,0,0,1,1,1,1,0,0,0,0,2,0,1,0,0,0,0,0,0,0,0,0,0,0,0,0,0,0,0,0,1,1,1,1,0,0,0,0,0,0,0,0,0,0,0,0,0,0,1,1,1,0,0,0,0,0,0,0,0,0,0,0,0,0,0,0,1,0,0,0,0,0,0,0,0,0,0,0,0,1,0,0,0,0,0,2,0,0,0,0,0,0,0,1,2,1,0,0,1,0,1,0,0,0,0,1,1,0,0,1,0,0,0,0,0,0,0,0,1,0,0,0,0,2,1,1,0,0,0,0,1,0,12,0,1,0,0,0,0,0,0,0,0,1,0,0,0,0,0,0,1,0,0,1,1,0,1,1,1,0,1,0,0,0,0,0,0,0,0,0,0,0,1,0,0,0,0,0,1,0,0,2,0,0,0,0,1,0,0,0,1,1,0,0,0,1,0,0,0,0,0,0,2,1,0,0,1,0,0,0,0,0,0,0,0,0,0,0,1,0,0,0,2,0,0,0,0,0,0,1,0,0,1,0,1,0,0,0,0,2,0,1,3,1,0,0,0,0,0,0,0,0,0,1,1,1,0,0,1,0,0,1,1,1,0,0,0,1,0,0,0,0,0,0,1,0,0,1,0,0,0,0,1,1,1,1,1,0,0,0,0,0,0,0,1,0,0,0,1,1,0,0,0,0,4,0,0,0,0,0,0,0,0,0,0,0,0,0,0,1,0,0,0,1,0,0,0,0,0,0,0,0,0,0,0,0,0,0,0,0,0,1,0,0,1,0,0,0,0,0,0,0,0,1,0,0,2,0,0,0,2,0,0,0,0,0,0,0,0,0,0,0,0,0,0,0,0,0,0,0,0,0,0,0,1,0,0,0,1,0,0,0,0,0,0,1,1,0,0,2,1,0,0,0,0,0,0,1,1,0,0,1,1,1,0,1,1,1,0,0,0,0,1,0,1,0,0,1,0,0,0,0,0,0,0,0,0,0,0,0,0,0,0,0,0,0,1,0,0,2,0,1,0,0,0,0,0,0,0,0,1,0,1,0,1,0,0,1,0,0,0,1,0,0,0,0,0,1,0,0,0,1,0,1,0,1,0,0,0,0,0,0,0,0,0,0,0,0,0,0,1,1,1,1,0,1,0,0,0,0,0,1,1,0,0,0,0,0,1,0,0,0,0,1,0,1,1,0,0,0,0,0,0,0
C[T>G]A,0,1,1,1,0,1,0,0,0,1,0,0,0,0,0,0,3,0,0,0,1,0,0,0,1,2,0,0,0,0,1,0,0,0,0,0,0,0,0,0,0,0,0,0,0,0,0,0,0,0,0,0,3,0,0,1,0,0,0,1,0,0,0,0,0,1,1,0,0,0,0,1,0,0,0,0,0,1,0,0,0,0,0,0,0,0,1,0,0,0,0,0,0,0,2,0,0,0,0,0,0,0,0,0,0,0,0,0,0,0,0,0,0,0,0,0,0,0,0,0,0,0,0,0,0,0,0,0,0,0,0,0,0,0,0,0,0,0,0,0,0,0,0,0,0,0,0,0,0,1,0,0,0,0,0,0,0,0,0,0,0,0,0,0,0,0,0,0,1,1,0,0,0,0,0,0,1,0,0,0,0,1,0,0,0,0,0,2,0,0,0,0,0,0,0,0,0,0,0,0,0,0,2,0,0,0,0,0,1,0,0,1,1,2,0,2,0,0,0,0,0,0,0,0,0,0,0,0,0,0,0,0,0,1,0,1,1,0,0,0,0,0,0,0,2,0,0,0,0,0,0,0,0,0,0,2,0,0,0,0,0,0,1,0,0,0,0,0,0,0,0,0,0,0,0,0,0,0,0,0,1,0,0,0,0,0,0,0,0,0,1,0,0,0,0,0,0,0,1,0,0,0,0,1,0,0,0,2,0,0,1,0,0,0,0,0,1,0,0,2,0,0,1,0,0,0,0,0,0,0,0,0,0,2,0,1,0,0,0,0,1,0,0,0,1,1,0,0,1,0,0,0,0,0,1,0,0,0,0,1,0,0,0,1,2,2,0,0,0,0,0,0,0,1,0,0,1,0,0,0,0,1,0,0,0,1,0,0,0,0,0,0,0,1,0,1,0,0,1,0,0,0,0,0,0,0,0,0,0,0,0,1,0,0,0,0,0,0,0,0,0,0,0,0,0,0,0,0,0,0,0,0,0,0,0,0,0,0,0,0,0,0,2,0,0,1,0,1,0,0,0,0,2,0,0,0,0,0,0,0,2,0,0,0,2,0,0,0,0,0,1,0,0,0,0,0,0,0,0,2,0,1,0,0,0,0,0,0,1,1,0,0,0,0,1,1,0,0,0,1,0,0,0,1,0,0,0,1,0,0,0,0,0,0,0,0,0,0,0,0,0,0,0,0,0,0,0,1,3,0,0,0,1,0,0,0,1,0,1,0,0,1,0,0,0,1,0,0,0,0,0,0,0,0,0,0,0,0,0,0,0,0,0,1,0,0,0,1,0,0,0,0,0,0,0,0,0,1,0,0,0,0,1,1,0,0,0,1,0,0,0,0,0,0,1,0,0,0,0,0,0,0,0,0,0,0,0,0,0,2,0,0,1,0,1,0
C[T>G]C,0,0,0,1,0,0,1,0,2,1,2,1,0,2,1,0,0,0,0,0,2,1,0,1,0,1,1,0,1,0,0,2,0,0,0,0,0,0,0,1,0,0,0,0,0,0,0,0,0,0,0,0,3,2,1,2,1,0,1,12,0,0,0,0,0,1,0,0,1,0,0,1,0,0,0,1,0,0,0,2,0,1,0,0,0,0,0,0,0,0,0,0,0,3,1,0,0,0,0,0,0,0,0,0,0,0,1,0,0,0,0,0,0,0,0,0,1,0,0,0,1,0,2,2,2,1,2,2,0,0,0,0,0,0,0,2,2,2,2,2,2,0,1,1,1,1,1,1,0,0,0,0,0,0,0,0,1,1,0,0,0,0,0,0,0,0,0,0,1,1,0,1,1,0,0,0,0,1,0,0,1,2,1,0,0,0,1,0,0,0,2,1,0,0,0,1,1,1,0,0,0,1,0,1,0,0,0,0,1,1,0,0,1,0,6,0,1,0,0,0,0,0,0,0,0,0,1,0,1,0,0,0,0,0,0,0,0,0,1,0,1,1,0,1,2,0,0,0,0,0,0,0,1,0,0,0,1,1,1,1,1,1,1,0,0,0,0,0,0,0,0,0,0,0,0,0,1,0,0,0,0,0,0,0,1,0,0,2,0,1,1,0,0,0,2,0,0,0,2,0,0,1,1,0,1,0,0,1,0,0,1,0,0,0,0,0,3,0,2,0,1,0,0,2,1,0,1,0,0,0,0,0,1,0,0,0,0,0,0,0,4,1,0,0,0,3,1,0,0,0,0,0,0,0,0,0,0,0,0,0,2,0,0,0,1,1,0,0,0,1,1,0,0,1,0,0,0,0,1,1,2,2,0,0,0,2,2,0,0,0,0,0,0,0,1,0,0,0,2,0,1,0,0,0,0,0,0,0,0,0,0,1,0,0,0,0,0,1,0,0,0,1,0,0,1,0,0,0,1,0,0,0,2,0,0,0,0,0,2,1,0,1,3,0,0,1,0,0,1,0,0,1,2,2,0,0,0,0,0,0,1,0,1,1,0,0,0,0,0,1,0,0,0,0,1,0,0,0,1,0,0,2,0,0,0,0,1,0,0,0,1,0,0,0,0,0,2,0,0,3,0,0,0,0,1,0,2,0,2,2,1,0,0,0,0,0,0,0,0,0,0,0,0,0,0,0,0,0,1,0,1,9,0,2,0,0,0,2,1,0,0,1,0,0,0,0,1,0,0,0,0,0,0,0,0,0,1,0,0,0,1,0,0,0,0,1,0,0,0,0,0,0,0,0,0,2,0,0,1,0,0,0,2,3,1,0,0,0,0,0,0,0,1,0,0,0,0,0,0,0,0,0,0,2,0,0,1,0,0,2,0,0,1,0,1,0
C[T>G]G,2,0,2,4,0,0,2,1,2,6,4,0,1,0,5,2,1,3,1,0,2,0,0,3,0,3,0,0,0,1,4,3,0,1,1,0,0,0,1,0,0,0,1,0,0,2,0,0,0,0,0,1,1,3,2,0,2,1,2,11,0,0,0,0,0,1,1,0,3,1,0,0,1,0,0,3,0,8,1,0,0,0,1,1,2,3,3,1,1,1,1,1,1,5,2,1,1,0,1,1,1,1,1,1,1,2,2,0,0,0,0,0,0,0,0,0,0,0,0,0,0,0,1,2,2,2,3,0,0,0,4,3,4,1,1,1,1,1,1,1,1,4,6,0,0,0,0,0,1,0,0,0,0,0,0,2,2,2,1,2,0,1,0,0,0,0,0,0,4,0,0,0,6,0,2,1,0,6,2,1,4,4,5,0,1,0,1,0,1,1,3,3,1,2,0,0,0,0,0,0,0,0,0,1,1,0,1,1,0,1,2,2,6,11,4,1,0,0,1,1,2,7,0,0,2,2,1,0,9,1,0,2,0,2,0,2,1,1,4,4,1,1,3,1,2,1,0,1,1,0,1,0,3,1,1,1,4,3,2,2,1,1,1,0,0,0,1,2,4,0,1,0,1,0,1,0,0,1,0,0,3,0,1,1,0,0,0,2,0,2,2,2,0,1,0,0,1,0,4,1,3,2,2,5,2,2,0,8,0,0,4,2,1,1,2,0,2,0,0,0,0,3,4,9,8,1,3,1,0,0,1,1,2,1,0,3,0,3,0,0,6,2,3,2,3,0,2,0,2,1,0,1,3,0,4,0,0,1,1,0,0,0,1,2,4,4,0,3,0,0,0,1,0,1,4,1,4,1,2,2,4,5,0,0,0,3,1,0,1,0,0,0,0,3,0,2,0,7,2,0,0,1,4,0,3,2,1,1,3,0,0,0,0,0,0,1,7,0,0,4,1,0,0,0,0,0,2,0,2,0,0,0,3,1,1,2,1,0,2,1,2,0,5,0,3,1,0,1,0,0,1,0,5,2,3,1,4,0,2,0,4,0,0,0,7,0,1,1,0,0,8,1,1,3,0,0,1,0,0,1,0,5,1,1,1,0,1,0,1,0,6,1,1,0,1,3,0,0,0,8,1,1,2,0,1,1,3,0,0,7,0,3,0,0,2,6,0,2,0,1,1,0,0,0,0,0,0,1,4,1,1,8,0,3,0,2,0,3,3,1,1,0,1,1,1,2,0,0,0,0,0,0,1,1,0,0,0,1,0,1,1,0,0,6,1,0,3,4,2,0,1,0,2,0,0,1,0,4,2,1,2,0,8,3,1,8,2,1,1,1,1,0,0,1,0,1,2,2,1,1,3,1,0,1,0,3,0,4,1,9,0,1,1,1,0,3
C[T>G]T,0,0,1,5,0,1,2,1,0,3,3,0,0,2,0,0,0,1,0,0,2,0,0,5,1,0,0,0,0,0,2,2,1,0,0,0,0,2,0,0,3,0,1,1,0,3,0,0,2,0,0,0,4,1,0,0,1,2,0,72,2,1,1,5,0,0,2,0,7,0,0,0,1,0,0,1,0,1,0,1,0,0,0,1,0,1,2,2,1,1,0,1,1,1,3,0,0,0,1,1,4,1,4,4,2,1,0,2,3,3,3,3,0,0,0,0,1,1,1,1,1,1,0,0,0,0,1,0,0,0,0,0,0,0,0,0,0,0,0,0,0,0,1,1,1,1,1,0,0,2,0,0,0,0,0,0,0,0,0,0,0,0,0,0,0,0,0,1,0,2,2,1,0,0,3,4,3,5,0,0,0,2,0,0,0,1,0,2,1,1,0,0,0,0,0,0,0,2,0,1,0,11,0,0,0,2,1,0,2,1,0,0,0,1,51,1,1,0,0,0,0,0,0,0,3,5,0,1,2,0,0,1,0,1,1,1,0,0,0,1,2,2,1,2,0,0,1,0,1,0,0,1,1,1,0,1,2,0,1,1,0,1,0,0,0,2,1,0,3,0,0,0,0,1,0,0,0,0,0,0,0,0,1,1,0,1,0,1,0,1,0,1,0,0,0,0,1,0,1,0,1,1,0,1,2,0,0,4,0,0,0,5,1,0,0,0,1,0,0,1,0,2,0,4,2,1,0,5,0,0,0,1,2,0,0,2,0,0,0,1,1,0,1,1,2,0,0,0,2,0,0,1,2,0,2,0,0,1,0,0,1,1,0,0,0,0,0,1,0,1,1,2,0,0,0,0,0,0,1,0,2,2,1,0,0,1,22,0,2,2,1,0,0,0,0,1,0,0,0,1,0,3,0,0,1,0,0,0,5,0,5,1,1,2,1,0,2,0,2,1,0,1,0,1,0,0,1,0,1,0,0,0,0,1,1,1,3,0,2,2,1,2,3,0,2,1,0,1,1,1,2,0,4,6,1,1,0,0,2,0,3,0,2,0,2,0,0,2,1,1,0,0,1,1,0,0,0,0,1,0,1,1,2,0,0,1,1,0,0,0,1,0,0,0,0,0,1,0,0,7,0,1,3,0,1,0,0,0,0,1,0,1,0,0,1,2,0,0,0,0,0,0,1,2,0,0,0,0,2,1,0,2,0,0,1,0,0,0,0,1,1,0,1,0,0,2,0,0,0,0,0,0,0,0,1,1,0,1,1,0,0,1,0,0,0,2,0,1,0,0,0,0,2,0,0,2,0,2,0,0,0,0,1,3,2,6,1,1,0,0,0,0,0,1,0,0,0,0,0,0,1,0,0,1,0,1,0,0,2,3,0,0,1,0,0,0
G[T>G]A,1,0,1,2,0,0,0,1,0,0,0,1,0,0,2,0,1,2,0,0,1,0,0,1,0,0,0,0,0,0,0,0,0,0,0,0,0,0,0,1,0,0,0,0,0,0,1,0,0,0,0,1,1,2,0,0,0,1,0,1,0,0,0,2,0,0,0,0,2,0,0,0,0,0,0,0,0,1,1,0,0,0,0,0,0,0,0,0,0,0,0,0,0,1,0,0,0,0,0,0,3,3,3,4,1,1,1,0,0,0,0,0,0,0,0,0,0,0,0,0,0,0,0,1,1,1,0,0,0,0,1,1,1,0,0,1,1,1,1,1,1,0,1,0,0,0,0,0,0,0,0,0,0,0,0,0,0,0,0,0,0,0,0,0,0,0,0,1,0,0,0,1,0,1,0,0,0,1,0,0,2,0,0,0,0,0,1,0,0,0,0,0,0,1,0,0,0,0,0,0,0,0,1,0,0,0,0,0,0,0,0,0,1,1,0,1,0,0,0,0,0,0,0,0,0,0,0,0,0,0,0,1,0,0,0,0,0,0,0,0,0,0,1,1,0,0,0,0,1,1,0,0,0,1,0,0,0,0,1,1,0,1,1,0,0,0,0,0,0,0,0,0,0,0,1,0,0,0,0,0,0,0,2,0,0,0,0,2,0,0,2,0,0,0,0,0,0,0,2,0,0,0,0,1,1,0,0,0,0,0,0,0,0,0,1,1,0,0,0,1,0,1,0,0,0,0,0,0,0,0,1,0,0,0,0,0,0,0,0,0,1,0,0,0,0,1,1,0,0,0,0,0,0,0,1,1,0,0,0,0,0,0,0,0,0,0,0,0,0,0,0,0,0,3,1,0,1,0,0,0,2,1,0,0,0,0,0,0,0,0,0,0,1,1,0,1,0,2,1,0,0,0,2,0,0,0,0,1,1,0,0,0,0,0,0,0,1,0,0,0,1,0,0,0,0,0,0,0,0,0,0,0,0,0,0,0,0,0,0,0,1,0,2,1,0,0,0,1,0,0,0,0,1,1,0,0,0,0,1,0,0,0,0,1,1,0,0,1,0,0,0,0,0,0,0,0,1,0,0,0,0,0,0,0,0,0,0,1,0,0,3,0,0,0,0,0,1,0,0,3,0,2,2,0,0,0,0,0,1,0,0,0,0,0,0,0,0,2,0,0,0,0,0,0,0,0,0,1,1,2,0,0,0,1,0,1,0,0,0,0,0,0,0,0,0,0,0,0,0,0,0,0,0,0,0,0,0,0,1,0,0,0,1,0,1,0,0,0,0,0,0,0,1,0,0,1,0,0,0,1,0,0,1,0,2,1,0,0,0,0,0,0,0,0,0,0,1,0,1,0,0,0,0,0,0,2,0,1,1,0,0,0,0,0,1,0
G[T>G]C,0,0,0,1,0,0,0,0,0,5,0,0,0,3,0,0,0,0,0,0,0,0,0,1,0,0,0,1,0,0,0,1,0,0,0,0,0,1,0,0,0,0,1,0,0,0,0,0,0,0,0,0,0,0,0,0,0,0,0,8,0,1,0,2,0,1,1,1,1,0,0,0,0,1,0,0,0,0,2,0,1,0,1,0,0,0,0,0,0,0,0,0,0,0,1,0,0,0,0,0,0,0,0,0,0,0,0,0,0,0,0,0,0,0,0,0,0,0,0,0,0,0,0,0,0,0,0,0,0,0,1,1,1,0,0,0,0,0,0,0,0,0,0,0,0,0,0,0,1,0,0,0,0,0,0,0,0,0,0,0,0,0,0,0,0,0,0,0,1,0,0,0,0,0,0,0,0,0,0,0,0,1,1,1,0,0,0,1,0,0,0,1,0,0,0,0,0,1,0,0,0,1,1,0,0,0,0,0,0,0,0,0,1,1,1,0,0,0,0,0,0,0,0,0,0,0,0,0,0,0,0,0,0,0,0,0,0,0,1,1,3,0,0,1,0,0,0,1,1,0,0,0,0,0,0,2,0,0,0,0,0,1,1,0,0,0,0,0,1,0,0,0,0,0,0,1,0,1,0,0,0,0,0,0,0,0,0,0,0,2,1,0,0,0,1,0,0,0,2,1,0,1,0,2,0,0,0,0,0,0,1,0,0,1,0,0,0,0,0,0,0,0,0,2,0,0,0,1,0,0,0,0,0,0,0,0,0,0,0,0,2,1,0,0,0,0,0,0,0,0,0,0,0,0,0,1,0,0,0,1,0,0,0,0,1,1,0,0,0,0,0,0,0,0,1,0,1,0,1,1,2,2,0,0,0,0,0,0,0,0,0,0,0,0,0,1,0,0,1,1,0,0,0,0,1,0,0,0,1,0,0,0,0,0,0,0,1,1,0,0,0,0,0,0,0,0,0,0,1,0,0,0,0,0,0,1,1,0,1,0,0,1,1,0,0,0,0,0,0,0,0,0,0,0,0,0,0,0,0,0,0,0,0,1,0,0,0,0,1,0,1,0,1,0,0,0,0,0,0,0,1,0,0,0,0,0,1,0,0,0,1,0,0,0,1,0,0,0,0,1,0,0,0,0,0,0,0,1,0,0,0,0,0,0,1,1,0,0,0,0,0,0,0,0,0,0,0,0,0,0,0,3,0,0,0,1,0,0,0,0,0,2,0,0,1,3,0,0,1,0,1,0,0,0,0,0,0,0,0,0,0,0,0,0,0,0,1,0,1,0,0,0,0,0,0,1,0,0,2,1,1,0,0,0,0,2,1,0,0,1,0,0,0,0,0,0,0,0,0,1,2,0,0,0,0,0,0,1,0,1,0,0,2,0,0,0
G[T>G]G,0,1,0,3,0,0,1,0,0,1,1,0,0,1,3,0,2,2,4,1,2,1,0,2,1,2,0,0,0,0,0,0,0,0,0,1,0,0,0,0,0,0,0,0,0,1,0,0,0,0,0,0,1,1,0,2,0,2,1,10,0,0,0,0,0,1,1,0,2,0,0,1,0,0,0,0,0,4,2,0,0,0,0,1,1,0,0,4,1,0,1,2,0,2,1,1,0,0,0,0,1,1,1,1,2,2,2,0,0,0,0,0,0,0,0,0,1,0,1,0,0,1,4,2,3,2,0,0,2,2,0,0,0,0,0,1,0,0,1,0,0,0,3,0,0,0,0,0,1,0,0,0,0,0,0,0,0,0,0,0,0,0,1,1,1,0,0,0,0,2,0,0,1,0,0,3,0,3,3,0,1,2,2,0,0,0,0,0,0,0,0,1,0,0,0,0,0,0,0,0,0,0,1,2,0,0,1,0,1,0,0,2,2,4,2,3,0,0,1,0,1,2,1,0,1,2,2,0,2,2,0,2,0,2,1,1,0,0,3,3,1,1,2,0,2,0,0,0,1,0,0,1,4,0,0,1,0,0,0,0,0,0,0,1,0,0,1,0,1,0,0,0,0,0,0,0,0,1,0,0,1,0,0,0,1,0,0,1,0,0,2,1,0,0,0,0,1,0,0,0,1,0,1,3,0,0,0,2,1,0,1,2,0,1,0,1,0,0,1,0,1,1,0,2,2,0,0,1,0,0,0,0,0,2,0,1,0,0,0,0,2,2,0,0,1,0,3,0,0,0,0,0,1,0,2,0,0,0,1,0,0,0,0,0,2,2,1,0,1,0,0,1,1,0,1,0,1,0,1,1,4,5,0,0,0,1,0,0,0,0,0,0,0,3,0,2,1,2,4,0,0,0,1,0,0,1,0,0,3,0,0,0,0,0,0,0,2,0,0,2,0,0,0,0,0,0,0,1,4,0,1,0,1,0,0,0,0,0,1,0,0,1,3,0,0,0,0,0,0,1,0,0,1,0,1,0,1,0,0,0,2,1,0,0,6,0,1,0,1,0,2,0,1,0,1,0,1,2,1,0,0,3,0,0,0,0,0,0,1,0,0,0,1,0,1,3,0,0,1,2,0,1,0,0,0,0,0,0,1,1,0,0,0,0,0,0,0,0,0,1,1,1,0,0,1,1,1,0,2,2,0,1,0,1,0,2,0,2,3,1,2,0,0,0,0,0,1,0,1,0,0,0,0,0,1,0,0,0,0,0,0,1,0,1,1,2,2,0,0,0,0,0,0,0,0,1,0,0,2,0,1,0,6,0,1,5,1,0,0,0,0,0,0,0,1,0,0,1,0,0,0,0,1,0,0,1,0,1,0,4,0,0,0,0,1,0
G[T>G]T,0,0,0,0,0,0,1,0,1,2,3,2,0,1,1,0,1,0,1,0,0,0,0,4,0,0,0,0,0,0,0,0,0,0,0,1,0,0,0,1,1,0,0,0,0,2,0,0,0,0,0,0,0,1,0,3,2,1,0,17,0,1,0,0,0,0,0,0,1,0,0,0,2,0,1,0,0,1,0,2,0,0,1,1,0,1,4,0,1,0,1,1,0,0,0,0,0,0,0,0,0,0,0,0,0,0,0,0,0,0,0,0,0,0,0,0,0,0,0,0,0,0,0,0,0,0,0,1,0,0,1,1,1,0,0,0,0,0,0,0,0,0,2,0,0,0,0,0,0,0,0,0,0,0,0,0,0,0,0,0,0,0,0,0,0,0,0,0,0,0,0,0,0,0,0,1,2,4,0,0,1,0,1,2,0,0,0,1,0,0,0,0,0,1,0,0,1,0,0,0,0,2,1,0,0,0,3,0,1,0,0,0,1,0,10,0,0,0,0,0,0,0,0,0,0,0,0,0,1,0,0,0,0,0,0,0,0,0,0,0,1,1,0,0,0,1,0,0,0,0,0,0,2,0,0,0,0,1,0,0,0,0,0,0,0,0,0,0,1,0,0,0,0,0,0,0,0,0,0,0,0,0,1,0,0,0,0,0,0,0,0,1,0,1,0,0,1,0,1,1,1,0,0,4,0,0,0,0,0,0,1,1,0,0,1,1,0,0,1,1,0,0,0,2,3,2,0,2,0,0,1,0,0,0,0,0,0,0,1,0,0,0,0,0,0,1,0,0,0,0,0,0,1,0,2,0,0,0,0,1,0,1,1,1,0,0,0,0,2,0,0,0,0,0,0,2,2,0,0,0,0,1,0,0,0,0,1,0,0,1,0,0,0,0,0,0,0,2,1,0,0,0,0,1,0,0,0,2,1,0,3,1,0,1,2,0,0,0,0,0,0,0,0,0,0,1,0,0,0,0,0,0,1,0,1,1,0,0,1,0,0,0,3,0,0,0,0,1,0,0,1,0,1,0,1,0,0,0,0,0,1,0,0,0,1,1,0,1,0,0,0,2,0,1,0,0,0,0,0,1,0,1,1,0,0,0,1,0,0,0,0,0,0,0,1,0,1,0,0,3,0,0,1,0,0,1,1,1,0,0,0,1,0,0,0,0,0,1,1,1,0,0,0,0,1,1,1,0,2,0,0,1,0,0,0,1,0,1,0,0,0,0,0,0,1,1,0,0,0,0,0,0,0,0,0,0,0,0,0,0,0,0,0,2,0,0,1,0,0,0,0,0,1,0,0,0,0,0,2,0,1,0,1,0,1,1,0,0,0,1,0,1,0,0,0,0,0,0,0,0,0,0,0,0,1,0,0,1,0,1,0,0,0,0,1,0
T[T>G]A,0,0,0,0,0,1,0,0,0,0,0,0,1,0,1,0,0,1,0,0,2,0,0,2,0,1,1,0,0,0,1,0,0,0,0,0,0,0,0,0,0,0,0,0,0,1,0,0,0,0,0,0,1,0,1,0,0,0,1,0,0,0,1,1,0,0,1,1,0,0,0,1,0,1,0,0,0,0,0,0,0,0,1,0,1,1,1,0,1,0,0,1,1,0,0,0,0,0,0,0,0,0,0,0,0,0,0,0,0,0,0,0,0,0,0,0,0,0,0,0,0,0,0,0,0,0,1,1,0,0,0,0,0,0,0,0,0,0,0,0,0,0,1,0,0,0,0,0,1,0,0,0,0,0,0,1,1,1,1,1,0,0,0,0,0,0,0,0,1,2,0,0,1,0,0,1,1,1,0,0,0,3,0,0,0,0,0,1,0,0,0,0,0,0,0,0,0,0,0,0,0,0,0,0,1,0,0,0,0,0,0,2,0,1,2,0,0,0,0,0,1,2,0,0,0,1,0,0,1,0,0,0,0,0,0,0,0,0,0,0,0,0,0,0,0,0,0,0,0,0,0,0,0,0,0,0,0,0,0,0,1,1,2,0,0,0,0,0,1,0,0,0,1,0,0,0,0,0,0,0,2,0,0,1,0,1,0,1,0,0,2,0,0,0,0,0,0,0,0,0,2,1,0,0,1,1,0,0,1,0,1,0,0,0,0,0,1,0,1,0,0,0,1,1,0,0,0,2,0,0,0,0,1,0,0,0,0,0,0,0,0,0,1,0,1,1,0,0,0,1,0,0,0,0,0,0,1,0,0,0,1,0,0,0,0,0,1,0,0,0,0,0,0,1,1,0,1,0,0,0,2,2,2,0,0,0,0,0,0,0,0,0,1,0,0,0,0,0,1,0,0,1,0,0,0,0,0,0,1,0,0,0,0,1,0,0,1,1,0,1,1,0,0,0,0,0,0,0,0,0,0,0,0,0,0,0,0,0,1,0,0,0,2,0,0,1,0,0,0,0,0,0,2,0,1,0,1,0,1,0,2,0,0,0,0,2,0,0,0,0,0,0,1,0,0,1,0,0,1,0,0,1,1,0,0,0,0,0,0,0,0,0,1,0,0,0,0,0,2,0,0,1,1,1,0,0,0,0,0,0,0,0,0,0,1,0,0,0,0,1,0,0,0,0,0,0,0,1,2,0,0,0,0,0,0,0,0,0,0,0,1,0,0,0,0,1,1,0,0,0,0,0,0,0,1,0,0,0,0,0,1,0,0,2,0,1,0,0,0,0,0,0,0,0,0,0,0,0,0,0,0,0,1,0,2,0,0,0,0,1,0,0,0,0,0,0,0,1,0,0,0,1,0,0,0,0,0,0,1,0,1,0,0,0,0,0
T[T>G]C,0,1,0,0,0,2,0,1,0,2,1,0,0,1,3,0,0,0,1,0,1,0,0,2,2,1,0,0,0,0,0,0,0,0,0,1,0,0,0,1,0,0,2,0,0,0,0,1,0,0,0,0,0,0,1,2,0,0,0,4,0,0,0,0,0,1,1,1,0,0,0,1,0,0,0,0,0,0,2,0,0,1,0,0,1,0,2,0,0,0,0,1,1,1,0,0,0,0,0,0,0,0,1,0,0,1,1,0,0,0,0,0,0,0,0,0,0,0,0,0,0,1,0,0,0,0,0,0,0,0,0,1,1,0,0,0,0,0,0,0,0,0,1,0,0,0,0,0,0,0,0,0,0,0,0,1,1,1,1,1,0,0,0,0,0,0,0,0,0,0,1,0,0,0,0,1,0,0,1,1,1,1,0,0,1,0,0,1,0,1,1,0,0,0,0,1,1,0,0,0,1,1,1,1,2,0,2,0,0,0,0,0,1,3,7,0,1,0,0,0,0,0,0,0,0,0,0,0,1,0,0,0,0,2,0,0,1,0,0,0,1,1,1,1,0,0,0,1,0,0,1,1,1,1,0,0,4,4,1,1,0,2,2,0,0,0,0,1,0,1,0,1,0,1,0,1,0,0,0,0,0,0,0,1,1,0,0,1,0,0,0,1,0,0,0,0,0,0,0,0,2,0,1,3,4,0,0,1,1,0,0,0,0,0,0,0,1,0,0,0,0,0,0,2,2,0,1,0,0,0,0,1,0,0,0,2,0,1,0,0,0,1,0,0,0,0,0,0,1,0,0,1,1,0,4,2,0,0,0,0,0,0,0,0,0,1,0,0,1,0,0,0,0,0,0,0,2,0,0,0,2,3,0,0,0,0,1,0,1,0,1,0,0,1,0,1,2,0,0,1,1,1,0,0,0,0,0,2,0,0,0,0,1,0,0,0,0,0,0,0,0,0,0,0,0,0,0,0,0,0,0,0,0,0,1,0,0,0,0,0,1,0,2,1,0,0,0,2,0,0,1,0,0,0,3,0,1,0,0,2,0,0,0,1,0,0,0,0,0,0,0,0,1,0,0,0,0,0,1,0,0,1,0,0,0,0,1,0,0,1,1,1,0,1,0,0,0,0,1,0,1,1,2,0,0,0,0,0,1,0,0,0,0,0,1,0,0,0,0,0,0,0,0,0,0,0,0,0,2,0,0,2,0,0,0,0,0,0,0,0,0,0,0,0,1,2,1,0,0,1,0,0,1,0,0,0,0,1,0,0,0,0,0,1,0,0,0,0,0,1,0,0,1,0,0,0,0,0,1,0,0,0,0,0,0,0,1,0,0,0,0,0,2,0,0,0,1,0,1,0,2,0,0,0,0,2,0,0,0,0,0,0,0,0,0,0
T[T>G]G,2,1,1,5,1,0,1,0,0,3,2,0,0,2,2,0,2,0,3,0,1,0,0,3,1,4,0,0,0,0,1,2,1,0,1,0,0,2,0,0,0,1,1,1,0,2,0,1,0,0,1,1,1,1,1,2,0,3,1,2,0,0,0,1,1,1,1,0,1,0,0,0,2,0,0,1,0,0,1,2,0,0,2,2,1,0,0,0,1,0,0,2,0,2,1,0,0,0,0,0,3,3,3,4,3,2,0,0,0,0,0,0,0,0,0,0,0,0,0,0,0,0,0,0,0,0,0,1,0,0,3,3,3,0,0,2,3,3,3,3,3,0,4,0,0,0,0,0,1,1,0,0,0,0,0,0,0,0,0,0,0,0,1,1,2,2,2,0,1,2,0,0,2,0,3,4,0,1,1,0,1,2,1,0,1,0,0,0,0,0,0,1,0,0,0,0,0,0,1,0,0,1,4,0,0,1,0,0,0,2,0,0,3,1,5,1,1,0,0,0,0,0,0,0,1,1,2,0,3,1,0,1,0,1,0,1,0,0,1,1,4,0,0,0,0,0,0,0,1,0,0,0,0,1,0,0,0,0,1,1,0,0,0,0,0,0,0,1,1,0,0,1,1,2,0,0,0,0,1,0,0,0,0,0,0,0,0,0,0,0,1,0,0,1,0,0,0,2,1,0,0,1,0,3,1,1,0,0,1,0,3,1,0,1,1,0,2,0,0,0,0,1,1,3,1,1,1,2,0,0,1,1,1,2,0,3,0,1,0,1,3,2,1,2,0,1,3,0,0,0,0,0,1,0,0,2,0,0,0,0,0,0,0,0,1,2,1,0,2,0,0,0,0,0,0,0,4,1,0,0,2,2,0,1,1,1,0,0,1,0,0,0,0,5,0,1,0,4,6,0,0,1,0,0,1,1,0,0,1,0,2,0,0,0,0,0,2,0,0,1,0,0,0,1,0,0,1,0,2,1,0,0,0,0,0,1,0,0,0,0,0,0,4,1,0,1,0,0,1,0,0,0,1,1,1,0,0,0,1,0,1,0,1,2,3,0,0,2,1,0,3,2,0,2,0,0,0,1,1,0,0,0,0,0,1,0,1,0,0,0,0,0,0,0,0,2,1,0,1,1,0,2,3,0,1,2,0,0,0,3,0,1,0,0,0,0,0,0,1,1,1,1,0,0,0,1,1,0,2,5,0,4,1,2,0,1,0,0,2,0,0,0,0,0,2,0,0,0,0,2,0,0,0,0,0,0,0,0,1,0,0,0,0,1,1,0,1,1,0,0,0,0,1,1,0,0,0,1,0,0,0,0,1,1,3,1,0,2,0,2,0,2,0,0,1,0,0,0,0,1,0,0,0,1,0,0,1,2,0,4,1,0,1,0,0,0
T[T>G]T,0,2,1,2,0,1,1,2,2,2,2,0,0,1,2,0,1,0,0,0,1,0,1,4,0,0,0,0,0,1,1,0,0,0,0,1,0,3,0,1,0,0,0,0,0,2,1,1,0,0,0,0,1,1,0,0,0,2,1,13,0,1,1,0,1,0,0,0,3,0,1,1,1,0,0,0,0,1,2,0,0,1,1,0,0,1,1,0,0,0,1,1,0,1,0,0,0,0,0,0,0,0,0,0,0,0,0,0,0,0,0,0,0,0,0,0,0,0,0,0,0,0,0,0,0,0,0,0,0,0,0,0,0,0,0,1,1,1,1,1,0,1,3,0,0,0,0,0,3,0,0,0,0,0,0,1,1,1,1,1,0,0,0,0,0,0,0,0,0,0,0,0,1,1,2,1,0,4,1,0,0,0,1,1,0,0,1,2,0,1,0,1,0,0,0,0,0,1,0,0,0,0,0,0,0,0,0,0,1,1,0,0,2,2,34,0,0,0,0,0,0,1,2,0,0,0,0,0,1,0,0,0,0,0,0,0,1,0,0,0,1,0,0,1,1,1,0,0,1,0,0,0,0,1,0,1,3,3,1,1,0,0,0,0,0,0,0,0,2,0,0,0,1,0,0,0,0,0,2,0,1,0,0,0,0,0,1,2,0,1,3,0,0,0,0,0,0,2,1,0,0,0,0,1,1,1,0,2,0,0,1,2,0,0,1,1,1,1,0,1,0,0,0,2,1,1,1,2,0,0,1,0,0,1,0,0,0,0,0,1,1,2,0,1,0,3,0,0,1,0,1,1,1,0,2,2,0,0,0,0,1,0,1,1,2,1,1,1,1,0,0,1,0,1,0,0,1,1,0,0,0,0,0,1,1,0,9,0,1,0,0,1,0,0,1,1,2,0,1,1,0,1,0,0,0,0,0,0,1,1,0,0,1,0,1,0,0,0,0,2,1,1,0,0,0,0,0,0,0,0,1,0,1,0,0,1,0,0,1,0,0,0,1,0,0,1,0,1,0,0,0,1,0,2,3,0,0,0,0,0,2,0,0,1,3,0,0,1,0,0,0,0,0,1,0,0,0,2,1,3,1,0,0,0,0,0,0,0,0,0,0,0,0,0,1,0,0,0,1,3,0,0,0,0,1,0,0,0,0,1,0,1,0,0,1,2,0,0,1,0,0,0,0,1,1,2,1,2,3,0,0,2,1,0,0,1,1,0,2,1,0,0,0,0,1,0,0,0,0,1,1,0,1,0,1,0,0,0,0,0,0,0,1,0,0,1,0,0,0,0,0,0,2,0,0,0,0,1,1,1,0,0,2,0,0,1,0,1,0,0,0,1,0,0,0,0,1,0,0,1,4,0,1,1,0,0,0,0,0,1,0,0,0,0,0,1
